XH,预测概率
pjxuqwbj497,0.9989466456984496
pjxyqxbk401,0.9989311506465661
pjxyqxbj100,0.998902662577962
pjxyqwbk686,0.9988962544384962
pjxyqxbk839,0.9988915712364367
pjxyqwbj701,0.9988471103213571
pjxyqxbk501,0.9988438050930969
pjxyqwbk652,0.998839886830648
pjxyqxbk373,0.9987898424348922
pjxyqxbk918,0.9987354566422317
pjxyqxbk916,0.9986471888212375
pjxrqxbj905,0.9986025896106122
pjxyqxbk723,0.9985176783446895
pjxyqxbj710,0.9984535873682432
pjxyqxbj162,0.9983114839039634
pjxyqxbl763,0.9981805213148187
pjxyqxbj027,0.9980121434027082
pjxyqxbk080,0.9979786422513828
pjxyqwbk949,0.9978820699219076
pjxyqxbk732,0.9977033679568543
pjxyqxbj709,0.9970597347210685
pjxyqwbj380,0.9970128160418817
pjxyqwbj288,0.9969813005205194
pjxyqwbk777,0.996852626895122
pjxuqwbj935,0.9966662335198497
pjxyqxbj585,0.9966154820045838
pjxsqxbj921,0.9966036994482169
pjxyqxbj754,0.9965184473751867
pjxyqwbj564,0.9964433656103769
pjxuqwbj830,0.9960079606739916
pjxyqwbk624,0.9959219346148462
pjxyqxbj271,0.9958559948813303
pjxyqxbk631,0.9956407289824531
pjxyqxbk661,0.9953933900903008
pjxyqxbk579,0.9952187131622128
pjxyqxbl688,0.9950572161820856
pjxyqxbl712,0.994878392967712
pjxyqxbk615,0.9945676896678732
pjxyqxbj169,0.9945230755174833
pjxsqxbj780,0.994454311840435
pjxyqwbj397,0.9943271440650948
pjxuqwbj631,0.9943148407458174
pjxyqxbj399,0.9938414956615519
pjxyqxbk268,0.9937375144210874
pjxwxxbj941,0.9927559757950968
pjwrqxbj901,0.9927320846825888
pjxyqxbl739,0.9926171217355861
pjxyqxbk854,0.9918255637730964
pjwrqxbj919,0.9916323830660979
pjxsqxbj864,0.9916177350150017
pjwrqxbj952,0.9915945840120206
pjxyqwbj763,0.9912611377657727
pjxyqxbj718,0.9911778647674714
pjxuqwbj511,0.9911502070452977
pjxuqwbj861,0.9907786064956704
pjxyqwbj279,0.990544388359772
pjxsqxbj936,0.9898237462993417
pjxpqxbj934,0.9883746723985061
pjxyqxbk081,0.9880186812762571
pjxyqxbj636,0.9844383236371448
pjxyqwbj367,0.9813707423505569
pjxyqxbj683,0.9813591074797043
pjxyqxbk125,0.9812443153137091
pjxyqxbj753,0.9803045435980839
pjwrzxbj996,0.9784945826227666
pjxyqxbj501,0.9754253519241425
pjxyqxbj559,0.9727448916600264
pjxyqwbj116,0.9709099895118798
pjxuqwbj980,0.9706007388883814
pjxuqwbj933,0.9701141434407998
pjxuqwbj694,0.9695009619466554
pjxyqwbk511,0.965705330887456
pjxsqxbj918,0.9642708432383829
pjxwxxbj993,0.9612459959193562
pjxpqxbj978,0.95940845495339
pjxyqwbj333,0.9592371577533285
pjxyqxbk162,0.9591375009462478
pjxyqwbj188,0.9566050805896164
pjxyqwbj632,0.9562864874657951
pjxyqwbk835,0.9527709630934034
pjxuqwbj445,0.9419380890144811
pjxuqwbj490,0.9403029236164924
pjxyqwbk900,0.9378418314013992
pjxyqxbk614,0.936959697464719
pjxyqxbl858,0.9334460367188158
pjxuqwbj651,0.9306075943586738
pjwrqxbj905,0.9299578920316393
pjxyqxbj691,0.9288499763404231
pjxyqxbl943,0.9274843821688166
pjxuzxbj986,0.9270709586110136
pjxuzxbj987,0.9256891381502693
pjxyqxbk894,0.9253216591724946
pjxyqxbj221,0.9211573089888637
pjxuqwbj890,0.9193014966381055
pjxuqwbj450,0.9188405730672906
pjvyzxbj998,0.9188167555521024
pjxyqwbk701,0.9171566084659933
pjxyqwbj868,0.9155860591396257
pjxyqxbj334,0.9115561453654838
pjxuqwbj786,0.9092758234568701
pjxyqwbj764,0.904419477205227
pjxyqxbl957,0.8963930077402009
pjxyqxbl826,0.8750344893997886
pjxyqxbj063,0.8722927297324478
pjxyqxbk500,0.8680116265571823
pjxyqwbj452,0.8675402851840336
pjxyqwbj591,0.8627722444950668
pjxyqwbk504,0.8618872948164398
pjxuqwbj954,0.8532856287119088
pjxyqwbk583,0.851169476177621
pjxyqwbk668,0.847770223376946
pjxuqwbj695,0.8439804186995693
pjxyqwbj913,0.8425456126364969
pjwuzxbj992,0.8404387952034084
pjxyqwbk951,0.8404273091188166
pjxyqwbk510,0.8380548609585037
pjxsqxbj969,0.829977120700959
pjxyqxbj225,0.8275389048379811
pjxyqxbj911,0.8250438216793783
pjxuqwbj877,0.8196707912279012
pjxyqxbk722,0.8184595952360295
pjxyqxbk074,0.8177581626917211
pjxuqwbj468,0.8106813254546981
pjxxzxbj998,0.7825891308362362
pjxyqxbl678,0.7807491802518042
pjxyqxbk000,0.7768990750109073
pjxuqwbj552,0.769639827523189
pjxyqxbj359,0.7692002206867148
pjxyqwbj850,0.768623622813969
pjxyqwbk925,0.7674079169006668
pjxyqwbj044,0.7660083008407684
pjxuqwbj586,0.7657959400810063
pjxyqwbj492,0.7613775663844984
pjxsqxbj751,0.7514407138445012
pjxyqxbj827,0.7503390111736031
pjxuqwbj538,0.7403052171322533
pjxpqxbj920,0.7389590547818206
pjxyqxbj840,0.6918304482689479
pjxuqwbj443,0.6894024186306712
pjxyqwbj785,0.6785896922920207
pjxyqxbl716,0.6738695377169186
pjxyqwbj340,0.6597329695085999
pjxsqxbj787,0.6565952195697389
pjxyqxbk201,0.6415688353025384
pjxtztbj986,0.6313476164650501
pjxyqxbk198,0.628463281966351
pjxyqxbk840,0.6210653069165945
pjxyqwbj158,0.6091598947896162
pjxuzxbj984,0.608400233233983
pjxuqwbj639,0.592359312618257
pjxyqwbk551,0.5893539463316485
pjxwzxbj993,0.5888283417014657
pjxyqxbj777,0.5837390068750394
pjxyqxbj094,0.5805587602313257
pjxyqwbj754,0.5794722392617755
pjxuqwbj638,0.5752513722186143
pjxyqxbk470,0.5706103065255536
pjxtztbj996,0.562619939710601
pjxyqxbj347,0.5531348553613404
pjxyqxbk825,0.5460101731145817
pjxyqwbj402,0.5429899386032497
pjxyqwbk772,0.542108259776286
pjxyqwbj849,0.533784030931971
pjxuqwbj937,0.5228471906795533
pjxuqwbj847,0.520562890255216
pjxuqwbj927,0.5187078437974865
pjxuqwbj806,0.5114908568510224
pjxyqxbj148,0.5110778071955703
pjxuqwbj594,0.5090981135778427
pjxuqwbj708,0.5045029237916836
pjxyqwbj699,0.5038890889370945
pjxsqxbj995,0.5021806736605913
pjxuqwbj658,0.49971525968072755
pjwtqxbj935,0.49941504172987594
pjxyqxbk469,0.49332658281160263
pjxyqxbj451,0.49140073330548495
pjxyqxbj327,0.4897840388021241
pjxuqwbj632,0.48771979487941997
pjxuqwbj767,0.48282558134767445
pjxyqxbj098,0.47858862383168876
pjxyqxbl896,0.4784942571754549
pjxtztbj985,0.4763577525377027
pjxyqxbk419,0.4742511765212854
pjxyqwbj888,0.4714963600880696
pjxuqwbj535,0.46367548734409725
pjxuqwbj529,0.462090224779335
pjxyqxbk039,0.4529054285823455
pjxyqxbj789,0.45233717368410287
pjxyqxbk043,0.45054779835262937
pjxwzxbj998,0.44858747538332927
pjxyqwbj348,0.4483762543478437
pjxyqxbk261,0.4471257558692105
pjxyqxbk171,0.4461429106665354
pjxuqwbj498,0.43845865060596084
pjxyqwbj523,0.437547398868804
pjxyqwbk540,0.4221678581263749
pjxyqxbj024,0.4203272485704951
pjxyqwbk855,0.4181383286572035
pjxyqxbl755,0.4108699360915918
pjxyqwbk623,0.40678611755193617
pjxyqxbl918,0.40639408243429526
pjxyqxbk231,0.4053466187324221
pjxyqxbj871,0.40311045019855407
pjxyqxbj788,0.4031002469827302
pjxyqxbj756,0.3985504256477036
pjxyqxbk885,0.39745793219079933
pjxuqwbj974,0.3974302787622671
pjxyqxbl713,0.3877924272923095
pjxyqxbl807,0.3854979368591522
pjxyqwbj237,0.3820278600123735
pjwrqxbj991,0.3799500818252531
pjxuqwbj781,0.37926534985854576
pjxyqxbk242,0.37205657418833465
pjxyqxbk351,0.37178489459226377
pjxyqwbj692,0.3682663238904871
pjxyqwbj590,0.3649751220618459
pjxyqxbj566,0.35863861909637185
pjxuqwbj558,0.35620377867890946
pjxyqwbk920,0.354200128136606
pjxyqwbk782,0.3511440830914653
pjwtqxbj941,0.34380866665612686
pjxyqwbk954,0.3409072406321498
pjxyqxbj048,0.34081179232207326
pjxuqwbj992,0.34020629496389254
pjxyqxbj794,0.33956472825430345
pjxyqwbj174,0.3368809858836747
pjxyqwbj760,0.33666685425522974
pjxyqwbj914,0.33523466840891614
pjxyqxbk841,0.33286831182487625
pjxyqxbk667,0.330820382682691
pjxsqxbj811,0.32082083522294363
pjxyqwbj857,0.31929338043296285
pjxyqwbk831,0.3178836236722533
pjxyqxbk751,0.3170759003600031
pjxyqxbj419,0.31333573161860073
pjxyqwbj456,0.31255893688745534
pjxyqxbk059,0.3100144861077132
pjxyqwbj316,0.30439406580137673
pjxyqwbk622,0.29958488144761064
pjxyqxbk775,0.29716343534718453
pjxyqxbk239,0.29570764084640555
pjxyqxbj615,0.2929596213675388
pjxuzvbj996,0.2925578763942587
pjxyqxbj529,0.29054637954038237
pjxyqwbk675,0.29000982822004334
pjxyqwbj156,0.28993103590016833
pjxyqxbk389,0.2887536132411328
pjxqzxbj967,0.28685238068542873
pjxyqxbj242,0.2847311744048745
pjxyqxbk297,0.2843864659776509
pjxyqxbj379,0.2798861212073089
pjxwzxkj996,0.27658708126499615
pjwrqxbj929,0.2758204696271098
pjxuqwbj925,0.27319999101351916
pjxyqxbk582,0.270735262128274
pjxyqxbk338,0.27041282186770543
pjxyqxbk222,0.27005138213576046
pjxyqxbk154,0.26503300503794214
pjxyqxbk486,0.26421803577336994
pjxuqwbj528,0.2635226241580149
pjxyqxbk853,0.2634047706624808
pjxyqxbj961,0.2633317855067769
pjxuqwbj845,0.26296301412671674
pjxuqwbj499,0.26266889771145985
pjxyqxbl757,0.2623096208771569
pjxyqxbl872,0.26152625427268483
pjxyqwbj041,0.26019242768171724
pjxuqwbj593,0.25933049204395775
pjxyqwbk549,0.258894006130245
pjxpqxbj957,0.2560141209111178
pjxyqwbj098,0.2545327636058988
pjwtqxbj918,0.2543190260112923
pjvyzxbj995,0.25181062607867305
pjxyqxbk895,0.25107320428504404
pjxuqwbj606,0.25025063175424217
pjxyqwbj671,0.24827052606413275
pjxuqwbj496,0.2471702261791452
pjxyqwbj825,0.24198464840612272
pjxyqxbk479,0.2364826712991484
pjxyqxbj035,0.2363967622452169
pjxyqwbk866,0.23581361380715796
pjxyqxbk733,0.23517196224428966
pjxwxxbj967,0.23483231665446827
pjxyqxbj067,0.23394280234064632
pjwtqxbj939,0.23249970885044105
pjxyqxbk437,0.23171108654965494
pjxyqxbl708,0.22937254569700594
pjxyqwbj046,0.22652297330953275
pjxuqwbj750,0.22512502004689
pjxuqwbj799,0.22431215528555948
pjxyqxbj967,0.2235603680269859
pjxyqxbl900,0.22196158358090548
pjxyqxbk468,0.2216767605207935
pjxuqwbj605,0.2190910632146501
pjxyqxbj490,0.217160252706486
pjxyqwbk638,0.21675431524928182
pjxyqwbj077,0.21420105835689943
pjxyqxbk899,0.21317087377660462
pjxyqxbk298,0.21131518309920125
pjxyqwbk953,0.2110539078350047
pjxyqxbl982,0.21053698823002506
pjxyqwbj253,0.2101886896898113
pjxyqwbj159,0.2078616483398826
pjxyqxbl884,0.20785529175762482
pjxyqwbj047,0.20710232590523922
pjxyqxbj403,0.20592619529798678
pjxyqwbk884,0.20536008469451023
pjxyqxbk581,0.20387779575350828
pjxpqxbj981,0.20274698486449735
pjxyqxbk460,0.2015021413192772
pjxyqxbl738,0.2010836708730118
pjxuqwbj705,0.2008157245083797
pjxyqxbj064,0.19878399113223152
pjxpqxbj930,0.19590233641611388
pjxsqxbj857,0.1953345736953851
pjxyqxbj192,0.19481220926781195
pjxyqxbk685,0.19477501864466176
pjxyqwbj031,0.19391938785802612
pjxyqxbj370,0.19348422826499104
pjxyqxbl886,0.19323822314355696
pjxuqwbj686,0.19271079290746987
pjxyqxbj417,0.190878187022078
pjxyqxbj562,0.18756962368344512
pjxyqxbj576,0.18734750773180794
pjwtqxbj933,0.1869213160212768
pjxyqwbj627,0.1831637095139177
pjxyqxbj991,0.18197370508246627
pjwtqxbj972,0.18163908810047866
pjxyqxbj272,0.18079511708365117
pjxyqxbk218,0.18076170674488257
pjxyqwbj276,0.17830332029464294
pjxyqxbk116,0.176955148948256
pjxyqxbk442,0.17678592539012494
pjwtqxbj971,0.17653457345491547
pjxyqwbj907,0.17547762474456402
pjwtqxbj988,0.17179702903048596
pjxyqxbk155,0.16996292908340907
pjxyqxbl931,0.1699293736085008
pjxyqxbk606,0.1693234707738657
pjxwxxbj908,0.16918260969231913
pjxyqxbj989,0.16803683959161572
pjxyqxbl779,0.16649882229635848
pjxyqwbj518,0.16607280033957095
pjxuqwbj633,0.1652563762463138
pjxyqxbj795,0.16501765747587768
pjxyqwbj542,0.16321529855320838
pjxyqxbj940,0.16262880155524817
pjxyqxbk217,0.15984589263852358
pjxyqxbk067,0.15981617919140526
pjxyqxbl891,0.15976404360562732
pjxyqwbk862,0.15887704510668668
pjxuqwbj916,0.15766035886463126
pjxyqwbj344,0.1569541596160508
pjxyqxbj729,0.15517865871671263
pjxyqwbk620,0.1532735358191001
pjxyqxbj132,0.1522690198706849
pjxyqxbk364,0.1519138051199414
pjxyqxbj323,0.15165365483781174
pjwrqxbj916,0.15144617483989323
pjxuqwbj773,0.1511311119459984
pjxyqxbj214,0.14892070241323419
pjxuqwbj858,0.14878924399708277
pjxyqxbj669,0.1484814092898683
pjxyqwbj122,0.14847224437800172
pjxyqwbj078,0.14812881309891668
pjxyqxbj029,0.1475952302861185
pjxyqwbj955,0.14729801329962808
pjxyqxbk603,0.14670130745873508
pjxyqxbj832,0.14651829361843444
pjxyqxbj073,0.14510258212940688
pjxyqxbj857,0.14248729243318173
pjxsqxbj939,0.14199967228902233
pjxyqxbl710,0.14030534934099986
pjxyqwbj454,0.13842422355240747
pjxyqxbl723,0.13741965235821754
pjxyqxbj066,0.136940404240444
pjxyqxbj283,0.13599960710640385
pjxuqwbj566,0.13588084322916633
pjvyzxbj993,0.13554849158553772
pjxwxxbj983,0.13498131574497346
pjxyqwbk736,0.13496184455366733
pjxyqxbk742,0.13374031633708966
pjxyqxbk013,0.13341328755643064
pjxyqwbj248,0.13335057430327638
pjxyqxbk565,0.13334453108404803
pjxyqxbj433,0.1326786443215755
pjwrqxbj979,0.1323701879027935
pjxyqxbj319,0.13183098808640153
pjxyqxbj749,0.131315087673773
pjxuqwbj461,0.12934280861595235
pjxyqxbj828,0.1288609668269418
pjxyqxbk391,0.12772330026325843
pjxyqwbj930,0.1270977365480189
pjwtqxbj932,0.12656855115170065
pjxyqwbk993,0.12549681582565816
pjxyqxbl919,0.12504673817111986
pjxyqxbl878,0.12494448936820333
pjxyqxbk302,0.12429318048751507
pjxyqxbk789,0.12428070667888225
pjxyqxbk204,0.12422977691289865
pjxyqxbk980,0.12404920534209515
pjxyqxbj739,0.1240179098894082
pjxyqwbj836,0.12250654331625899
pjxyqxbk211,0.12250392952590737
pjxuzvbj991,0.12231836338969551
pjxuzxbj997,0.12031321053718903
pjxuqwbj803,0.11960205936914269
pjxyqwbj895,0.11951061827825213
pjxyqwbj534,0.11858516564774012
pjxuqwbj796,0.11830081348018331
pjxyqwbk735,0.11768682893058648
pjxyqxbj039,0.11725016730281347
pjxyqwbk865,0.11706813847341423
pjxyqxbk718,0.11664507865695362
pjxyqxbk868,0.11653107315247857
pjxyqwbj625,0.1155219968372577
pjxyqxbk981,0.11539761360527581
pjxyqxbk253,0.11460870094251474
pjxyqxbk539,0.11282467084061394
pjxyqwbj742,0.11264841836994804
pjxyqxbk032,0.1124037594763251
pjxyqxbk210,0.1122769972784883
pjwrqxbj898,0.11074557321571177
pjxyqxbk731,0.11037788551957103
pjxyqxbl767,0.11009714388515862
pjxyqxbj317,0.10965342659421262
pjxxztbj994,0.10950630653308532
pjxsqxbj758,0.10884956950851185
pjxyqxbj430,0.10732002600548073
pjxyqwbk671,0.10713487567031582
pjxyqxbk604,0.10672512763237693
pjxyqxbk855,0.10549589837479476
pjxyqwbj059,0.10336723509679294
pjxyqxbj984,0.10273838749152561
pjxyqwbk889,0.10271861775577514
pjxyqxbk149,0.10180586986335712
pjxyqwbk601,0.10170344584963609
pjxyqxbk098,0.10168673459127758
pjxyqxbk783,0.10149991448258903
pjxyqxbj448,0.10143068814024393
pjxyqxbj428,0.10114042122040331
pjxyqxbk257,0.1008917123208032
pjxyqxbk140,0.10071999273613887
pjxyqxbj588,0.09990290790059049
pjxuqwbj962,0.09988070616324014
pjxyqxbk015,0.09926023645207122
pjxwxxbj963,0.09869690142650206
pjxyqxbk640,0.09734273144035187
pjxyqxbl966,0.0972796417813127
pjxyqxbk713,0.09673470922678572
pjxyqxbk772,0.09625484351213844
pjxyqxbj954,0.09557801191447197
pjxyqxbl955,0.09494389374059255
pjxyqwbj207,0.09486354004890182
pjxuqwbj956,0.09421108127405557
pjxuqwbj723,0.09350874854546967
pjxyqxbk627,0.09332626449155945
pjxyqxbj043,0.0922795269590448
pjxyqxbk527,0.09227439426772012
pjxyqxbj345,0.09216269306864835
pjwtzxbj996,0.09123068053338239
pjxyqxbl816,0.09027422692352657
pjwtqxbj965,0.08931253371718599
pjxuqwbj838,0.08923365691469018
pjxyqwbj925,0.08907405802285379
pjxyqxbk908,0.088150168513341
pjxyqxbk300,0.08779547720347793
pjxyqxbj546,0.08752463954507783
pjxyqxbj012,0.08736717558530227
pjxyqwbk584,0.08685474281024376
pjxyqxbl847,0.08644072253158568
pjxyqwbk521,0.08561586271223483
pjxyqxbj736,0.08532258426251939
pjxyqwbk653,0.08517716373279142
pjxsqxbj862,0.0851715717577414
pjxyqxbj006,0.08500162294146027
pjxyqwbj085,0.08487150694934516
pjxyqwbk770,0.08476806032972554
pjxyqxbj838,0.08464674586012358
pjxyqxbj659,0.08390963886462074
pjxyqxbk339,0.08329424886085723
pjxyqxbk669,0.08324651226815978
pjxpqxbj975,0.08324619166993016
pjxuqwbj712,0.08307143021917367
pjxyqxbj284,0.08272624376327926
pjxuqwbj659,0.08181314475301721
pjxyqxbk794,0.081507243041645
pjxyqwbj166,0.08135199682298726
pjxyqxbj578,0.08114703269630581
pjxyqxbl765,0.08113307456419645
pjxyqxbj154,0.08015402433714601
pjxuqwbj760,0.07991003783870457
pjxyqxbj762,0.07976684395985166
pjxyqxbj854,0.07916140231996426
pjxyqxbk063,0.07874433634153788
pjxyqwbk996,0.07843042103077007
pjxuqwbj526,0.07801895446053769
pjxyqxbj507,0.07755265441282447
pjxuqwbj952,0.07707621584893565
pjxyqwbk698,0.07704317384700135
pjxyqxbl714,0.07696163466173334
pjxyqxbk208,0.07673561581219968
pjxyqxbl921,0.07612761523012761
pjxyqxbj330,0.07611862528594798
pjxyqxbk717,0.07580576708306581
pjxyqxbl953,0.07552429245140287
pjxyqxbj898,0.07544066508420676
pjxyqxbj296,0.07499272398606552
pjxyqxbk287,0.07497347661769019
pjxyqxbk262,0.07493607383272866
pjxyqxbl869,0.0748468512831075
pjxyqxbj725,0.07468356778630479
pjxqzxbj979,0.07454312012403821
pjxwzxbj986,0.07447677766391052
pjxyqxbj743,0.07438897803714092
pjxyqxbj293,0.07435859221855534
pjxyqxbl993,0.07393059480069601
pjxuqwbj474,0.07389857168205077
pjxyqxbk987,0.07352401751268914
pjxyqwbj385,0.0735001254435123
pjxyqxbj769,0.07346957051323104
pjxwxxbj913,0.07306484019689474
pjxyqxbk971,0.0730199061703768
pjxyqwbk538,0.07235166439347916
pjxyqxbj554,0.0722228524855046
pjxyqwbk971,0.07140390676024255
pjxuqwbj883,0.07047397354694684
pjxyqwbk741,0.07013659390268598
pjxyqxbj993,0.06949369873644402
pjxuqwbj763,0.0694591411656064
pjxyqxbl686,0.06943170378670681
pjxsqxbj925,0.0693086088653078
pjxyqwbj594,0.06928495401185518
pjxyqwbj579,0.06923302805910156
pjxyqxbk755,0.06901772550631703
pjxyqxbj701,0.06893038912939432
pjxyqxbj740,0.06881643612252827
pjxyqxbj469,0.06871877983547538
pjxyqxbj262,0.06866977209509557
pjwtqxbj954,0.06846599475421236
pjwrqxbj913,0.06784442867295952
pjxyqwbj830,0.06768440837144983
pjxyqxbj352,0.06759244600323829
pjxyqxbj068,0.06697131531682657
pjxyqxbk915,0.06613201976756809
pjxyqxbj180,0.06596172079201522
pjwtqxbj950,0.06578328732749228
pjxyqxbl703,0.06577442956939046
pjxyqxbk546,0.06539143605214087
pjxyqxbk277,0.06519909988894602
pjxuqwbj701,0.06486312506244893
pjxyqxbk011,0.06457856648613299
pjxyqxbk644,0.06457000106475756
pjxyqwbj864,0.06445437168206711
pjxyqxbj761,0.0642465393290063
pjxyqxbj985,0.06414457602779325
pjwtqxbj968,0.06400447638938132
pjxyqwbj023,0.0639985768051959
pjxyqxbj772,0.06377004590152476
pjxyqxbj964,0.06372153420354285
pjxyqxbl766,0.06278786127644087
pjxyqxbj771,0.06259796265113698
pjxyqxbk159,0.062432600154223916
pjxyqxbj146,0.06237100996697481
pjxyqxbk138,0.06233841849849989
pjxyqxbj980,0.0622462695431079
pjxuqwbj491,0.062219523163614614
pjxpqxbj915,0.06200939263114382
pjxuqwbj955,0.061969753725060917
pjxyqwbj472,0.061933073324731684
pjxyqxbj405,0.06181975578869432
pjxyqxbk531,0.061796072801136276
pjxuqwbj460,0.06165552424869369
pjxyqxbj305,0.06105796802869021
pjxuqwbj517,0.06075807735857982
pjxuqwbj589,0.06070971435489867
pjwrqxbj920,0.060228743277824216
pjxyqxbk923,0.05991325960665799
pjxyqxbk375,0.059894648697353225
pjxyqxbk567,0.059745193646755415
pjwtqxbj952,0.059229500687019876
pjxyqwbk919,0.05922774212154117
pjxyqwbj548,0.059155764627833785
pjxyqxbj574,0.05870328676837498
pjxuqwbj492,0.05869158553408837
pjxuqwbj562,0.05862664380514346
pjxyqxbk676,0.05750375109925696
pjxyqxbj113,0.05744508320370683
pjxyqxbj147,0.05730351260309747
pjxyqxbk848,0.057219909058048316
pjxyqwbj828,0.057204585943449036
pjxyqxbk429,0.056957032036256745
pjxuqwbj757,0.05694631883832217
pjxyqwbk727,0.05682617006248788
pjxuqwbj470,0.05663746518883552
pjxyqwbj584,0.05657271036957752
pjxuqwbj477,0.05644343265953389
pjxyqxbk464,0.056273013650401216
pjxyqxbj086,0.05613734684332907
pjxyqxbk370,0.05609878606951331
pjxyqxbj044,0.05604581853755636
pjxyqxbk597,0.05586232300948611
pjxyqxbj698,0.05581498135153394
pjwrqxbj973,0.055804450199158695
pjxuqwbj615,0.0557372987375363
pjxyqwbj508,0.05552966396473435
pjxyqxbj031,0.05533814266551957
pjxuqwbj878,0.05533215104708522
pjxyqxbj537,0.05526876460565438
pjxyqxbl984,0.054815357543252174
pjxyqwbj940,0.05480483347224893
pjwuzxbj995,0.05455784461170458
pjwqzwbj998,0.05450198080965263
pjxyqxbj114,0.05398143038385453
pjwtqxbj925,0.05383445075030446
pjxyqwbk838,0.05349381818597844
pjxyqxbk609,0.05317706054212515
pjxyqwbj007,0.05289106295009913
pjxyqwbk804,0.052553152096883576
pjxwxxbj924,0.05255217624462929
pjxyqxbk997,0.05228795191612898
pjxwxxbj944,0.052103954619724606
pjxuqwbj446,0.05134664124389664
pjxyqxbk506,0.051147304892971215
pjxyqxbj897,0.050997026680411256
pjxuqwbj905,0.05091657520397523
pjxyqxbj082,0.05084071723128015
pjxyqxbj333,0.050821024379002024
pjxyqxbj895,0.05047955671396721
pjxuqwbj655,0.05037924929730629
pjxsqxbj772,0.050244533317609745
pjxyqxbj744,0.050219292140228765
pjxyqxbk705,0.05015362813459592
pjxyqxbj569,0.04994291432648222
pjxyqxbl836,0.04991418394529456
pjxyqxbj060,0.04963857409034249
pjxyqxbj269,0.0494224700164817
pjxuqwbj831,0.049399059236776885
pjxyqwbk536,0.04931818355994085
pjxyqxbl912,0.04918024919784743
pjxyqwbj659,0.049099881360619005
pjxuqwbj853,0.048695585647544615
pjxyqxbj125,0.04814878738134025
pjxyqxbj492,0.04771000581706171
pjxyqxbj737,0.04751752401109694
pjxyqwbk962,0.04751541638946718
pjxuqwbj818,0.04746914531849772
pjxsqxbj894,0.047302864792837296
pjxyqxbj948,0.04726546567559332
pjxyqwbj393,0.047223052939228495
pjxyqxbl753,0.04722184082979062
pjxyqxbl945,0.04715821318020514
pjxyqxbk965,0.046872966876690694
pjxyqxbk454,0.04675597611290572
pjxuqwbj621,0.04671324378348635
pjxyqxbk953,0.046195480531092695
pjxyqxbj872,0.04590592821366231
pjxyqxbk019,0.045869508352834786
pjxyqxbk937,0.045675920782204386
pjxyqxbk779,0.04564675619816155
pjxsqxbj984,0.04550812780078047
pjxyqxbj173,0.04548677544864957
pjxuqwbj495,0.0452338978876294
pjxyqxbl768,0.04514901424220688
pjxyqwbj588,0.044571114190067804
pjxuqwbj472,0.04451257465389347
pjxyqxbk745,0.04423387045339471
pjxsqxbj881,0.04419317782438117
pjxuqwbj870,0.044051916768937265
pjxyqxbj972,0.04381602410599826
pjxpqxbj916,0.04374816697423025
pjxyqxbk068,0.043110571178802314
pjxyqxbk594,0.0430434929112995
pjxyqxbj731,0.04274670744669954
pjxyqxbj337,0.042620457079907206
pjxyqxbk803,0.04244819169808034
pjxyqxbj257,0.042364792721086626
pjxwxxbj938,0.042241233754417
pjxuqwbj565,0.041951539499463245
pjxyqxbk683,0.041788410284377
pjxxztbj998,0.0417397631651481
pjxyqxbk025,0.041711160456228594
pjxyqxbj280,0.041335236516724674
pjxyqwbj687,0.041161732630054584
pjxyqxbl999,0.041023583524518244
pjxyqxbk294,0.041016008416937234
pjxyqxbk782,0.0409044244045712
pjxyqxbj410,0.04055615238542881
pjxuqwbj898,0.04007334927063829
pjxyqxbj626,0.04006174568495283
pjxsqxbj938,0.03983987260483019
pjxyqxbl709,0.0396762187294656
pjxyqxbj273,0.03922178648933695
pjxyqxbl789,0.03915958319647331
pjxyqwbj986,0.03903910726520233
pjxuqwbj489,0.03900432639019129
pjxyqxbj092,0.03893362994883504
pjxyqxbj577,0.03888197226673587
pjxyqxbj834,0.03869942921818265
pjxuqwbj994,0.03841692236312695
pjxxzxbj995,0.03835851947853832
pjxyqwbj191,0.03812462225082914
pjxyqxbk472,0.03806419653750151
pjxyqxbj801,0.037824460096212376
pjxuqwbj739,0.03778607001177875
pjxyqxbk031,0.03773276084304166
pjxyqxbj722,0.03765412619404633
pjxyqxbl827,0.03758256539677552
pjxyqxbk273,0.037275196772784604
pjxyqxbj412,0.03701243684943012
pjxyqxbk195,0.036635208216050735
pjxsqxbj826,0.036566139546347784
pjxuqwbj903,0.036423076005114706
pjxyqwbj884,0.0363938718839501
pjxyqxbj726,0.036392143635308634
pjwrqxbj945,0.03636376426135685
pjxyqxbj188,0.036281643056854274
pjxyqxbk230,0.036234696148039
pjxyqxbj630,0.03597879461028675
pjxyqxbj647,0.03568993418274026
pjxyqxbk682,0.035535596623249066
pjxuqwbj454,0.035497883435717796
pjxyqxbk936,0.035456219390336316
pjxyqxbj969,0.03539750720626475
pjxuqwbj551,0.035134773896211134
pjxyqxbj635,0.034850686176592545
pjxwxxbj943,0.03461677253849691
pjxyqwbk578,0.03453431013513983
pjxyqxbj131,0.034350942631194516
pjxuqwbj894,0.03424400064610196
pjwtqxbj944,0.034226278403599056
pjxyqxbj688,0.03399553718960522
pjxyqxbk525,0.033822138366187623
pjxyqxbk643,0.03371024480284885
pjxuqwbj679,0.03356682473405531
pjxyqwbj636,0.03355596487763256
pjxyqxbj922,0.03354007714548402
pjxyqwbk547,0.03338911075554659
pjxyqxbj734,0.03328509781661019
pjxyqxbj001,0.03319972083592318
pjxyqxbk816,0.03281386840970107
pjxyqxbk882,0.03276580051641465
pjxyqxbj102,0.032570319247100174
pjxyqxbk765,0.0325472853330771
pjxuqwbj811,0.0324976286201312
pjxuqwbj488,0.03242676201514264
pjxyqxbj088,0.032311459550587396
pjxyqxbj667,0.032234357704497375
pjxyqwbj444,0.032009000779758504
pjxyqxbk595,0.03198507191049612
pjxyqwbk955,0.03192592224230198
pjxyqxbj065,0.03188957186754069
pjxyqxbk969,0.031806796320267394
pjxyqwbj872,0.0314356729965147
pjxuqwbj525,0.03136515808790302
pjxuqwbj540,0.031327316544487914
pjwtqxbj942,0.03130452108894711
pjxuqwbj449,0.031021574872544075
pjxyqxbk228,0.03090513075144337
pjxyqxbk746,0.030725374193897405
pjxyqxbk295,0.03069232075725388
pjxsqxbj831,0.030658207556492546
pjxyqxbk269,0.030657756000762506
pjxyqwbk541,0.030538876525099398
pjxyqxbj581,0.030470408322107914
pjxyqxbk592,0.03035735066277836
pjxyqxbl843,0.030243061894337658
pjxyqxbj355,0.030226841840908635
pjxyqxbj909,0.030066672446731658
pjxyqxbl737,0.030053170965325796
pjwrqxbj977,0.030004752396150497
pjwtqxbj960,0.029645884083638496
pjwtqxbj928,0.02958778194616368
pjxuqwbj726,0.02943262602135584
pjxuqwbj711,0.029395288943692515
pjxsqxbj986,0.029249820460707402
pjxuqwbj485,0.029165914212957257
pjxpqxbj969,0.028950705562488046
pjxyqxbl731,0.028896520520162727
pjxyqxbj522,0.028768789734817852
pjxyqxbk378,0.02868898328620927
pjxyqwbk577,0.028545610960790346
pjxyqwbj998,0.028539913386511722
pjxuqwbj463,0.028330904798980136
pjxuqwbj600,0.028327476975270115
pjxyqxbk495,0.02826396366422301
pjxuqwbj483,0.02824175721786713
pjxpqxbj971,0.028204762620295688
pjxuqwbj622,0.02816184243527467
pjxyqxbk415,0.028090390302417317
pjxyqwbj171,0.028089915938852298
pjxyqwbj027,0.027747545417003902
pjxyqwbk956,0.02759487899669033
pjxyqxbk941,0.02751601941036854
pjxyqwbk592,0.027493871346292546
pjxyqwbj192,0.02740731682363661
pjxuqwbj692,0.027318811390047548
pjxyqwbj631,0.02727195859813752
pjxyqxbl806,0.027247426326456586
pjwtqxbj998,0.027218166896393045
pjxuqwbj648,0.02709550277713668
pjxsqxbj877,0.02709305275357509
pjxyqxbk626,0.027052636218701392
pjxyqxbl991,0.027007898278302116
pjxsqxbj834,0.02685636911111664
pjxwxxbj930,0.02642220483982743
pjxyqxbk844,0.02641351370689918
pjxsqxbj897,0.02635255273295819
pjxpqxbj998,0.02626114407004899
pjxyqxbj583,0.026088625610514074
pjxuqwbj755,0.0260621205707311
pjxyqxbj395,0.025907328772324576
pjxyqxbj278,0.025885548585539604
pjxyqwbj540,0.025873799064315018
pjxyqxbk552,0.02580838199580279
pjxuqwbj829,0.02577690611342491
pjxyqxbj905,0.02575098806645194
pjxyqxbj054,0.025719321490230054
pjxyqwbj870,0.025625300224631897
pjwtqxbj982,0.02558660987406539
pjxyqwbj153,0.025572426798479982
pjxyqwbj527,0.02552517263498266
pjxyqxbk349,0.025514104257176536
pjxqzxbj983,0.025495841807921995
pjxyqxbk377,0.025437127883310835
pjxyqxbj728,0.025407385878883026
pjxyqxbk900,0.02523008023666507
pjwrqxbj911,0.025211117488211695
pjxyqxbk863,0.025150263076093984
pjxyqxbl895,0.025148497122179068
pjxuqwbj663,0.02494119434265621
pjxyqwbk605,0.024925310513184213
pjxyqxbk307,0.024851866478549603
pjwrqxbj938,0.024661202562914025
pjxyqxbj452,0.02463486507061905
pjxqzxbj982,0.024465905288018085
pjxyqxbk737,0.024365106534733623
pjxuqwbj654,0.024316902318978918
pjxyqwbj674,0.024292156559105726
pjxyqwbk678,0.024287352108902482
pjxrqxbj988,0.023983806487746537
pjxyqwbj336,0.02383377745950345
pjxuqwbj568,0.023831196246168956
pjxuqwbj678,0.0236398366600942
pjxyqwbj082,0.023429675403891317
pjxyqxbk630,0.023222237077905508
pjxyqwbj409,0.023121439095433446
pjxyqxbl797,0.023017363639393638
pjxyqwbj839,0.022997833491389334
pjxyqwbj421,0.022954629123894475
pjxrqxbj969,0.022898693182322644
pjxyqwbj437,0.022802894023428767
pjxyqxbk583,0.02273904940471594
pjxyqxbj165,0.022704980363582736
pjxyqxbk943,0.02269127061729858
pjxwxxbj949,0.022669898197563158
pjxyqxbl808,0.02264880516898903
pjxyqxbj981,0.022621763399934814
pjxqzxbj995,0.02258303547948797
pjxyqxbk812,0.022541139186695227
pjxyqxbj314,0.022426205346107245
pjxyqxbk553,0.02236110659520108
pjxyqxbj955,0.02233622692512552
pjxyqxbk978,0.022333446394937343
pjxyqxbk182,0.02231123119406949
pjxuqwbj986,0.022303390090368688
pjwtqxbj930,0.022302834497185738
pjxyqxbj294,0.02226882511845296
pjxyqwbk826,0.02220160575386575
pjxyqxbl769,0.022145776223331623
pjxyqxbk566,0.02212657151345206
pjxwxxbj995,0.022020000834405678
pjxyqxbk903,0.02195053981671481
pjxyqxbj241,0.021933498141293847
pjxyqxbj129,0.021893226851078976
pjxyqxbl684,0.021605908580466494
pjxyqxbk329,0.02148174241129177
pjxuqwbj588,0.021468555770608126
pjxyqxbk477,0.02139697141367174
pjxuqwbj787,0.021132958838055476
pjxyqxbj145,0.021065525719171006
pjxyqxbj432,0.021004114812741073
pjxuqwbj505,0.02099275708366501
pjxuqwbj985,0.02094913298830699
pjxyqxbk826,0.0209425639344125
pjxyqwbk559,0.02077650069993474
pjxyqxbj455,0.02072162141106053
pjxyqxbl992,0.020692205703149533
pjxyqwbj497,0.020664138591599154
pjxyqxbk911,0.02051858150077017
pjxuqwbj507,0.020326124141130095
pjxyqwbj621,0.020301662143524433
pjxyqxbk445,0.02029354216669845
pjxuqwbj537,0.020191802594775276
pjxyqwbj592,0.020070526822913853
pjxyqwbj205,0.020055446987217757
pjxyqxbj159,0.020050299859915025
pjxyqwbk902,0.02002139218465895
pjwrqxbj918,0.01989536222052848
pjxyqwbj924,0.0198315563217394
pjxuqwbj988,0.01977072331220815
pjxyqwbj435,0.019739546648128967
pjxuqwbj536,0.019694064343398106
pjxyqxbl673,0.019665231401927677
pjxyqxbk137,0.019614519371031272
pjxyqxbj476,0.019560266288287692
pjxyqxbl913,0.019545128466181158
pjxtztbj987,0.01953226899724171
pjxyqxbk489,0.019513890524703655
pjxyqwbj656,0.019491122441058484
pjwrqxbj926,0.019465934845098506
pjxyqxbj320,0.019413404947581567
pjxuqwbj928,0.019352575911136954
pjxyqxbk530,0.019340030948208325
pjxyqxbk950,0.0190748850094065
pjxyqwbj589,0.01899527898075419
pjxyqwbj912,0.01891722799360065
pjwtqxbj967,0.018871383985948707
pjxuqwbj665,0.018849981309715907
pjxyqxbj301,0.01881020353625624
pjxyqxbj207,0.018759436557436032
pjxyqxbk642,0.018735514063667198
pjxyqxbj858,0.018490186210096
pjxyqxbl906,0.01847064806710457
pjxyqxbk535,0.01838455667895696
pjxuqwbj914,0.01836890665284217
pjxyqxbk209,0.01836070971857545
pjxyqxbl677,0.018293248038728435
pjxuqwbj772,0.018261588539615833
pjxyqxbl857,0.018093541339215927
pjxyqxbj570,0.018071777346552166
pjxyqxbl837,0.017955571358256976
pjxsqxbj812,0.01780616602574731
pjxyqxbj015,0.017690400395842652
pjxyqxbk497,0.01757092182538214
pjxyqxbk551,0.017548421721765736
pjxyqwbj979,0.017299851213527236
pjxyqwbj072,0.017151743511909807
pjxyqxbj928,0.017006760987710777
pjxyqxbk957,0.016954645737324994
pjxwxxbj914,0.016933572574799095
pjxyqxbj545,0.016877430349922534
pjxyqwbj651,0.016871819453685166
pjxyqxbj485,0.01686028358231999
pjxyqxbl964,0.016834690301114345
pjxyqxbj760,0.016826020596253852
pjxyqwbk661,0.016801217409685463
pjxyqwbj433,0.016752122016014857
pjxuqwbj673,0.016609392136495597
pjxyqxbj885,0.01651417627291547
pjxyqxbk873,0.01648502356264575
pjxyqxbk341,0.016394032781221035
pjxyqxbj415,0.016312659620326707
pjxyqxbj815,0.016271773576098957
pjxyqwbj613,0.016212446405648912
pjxyqxbk995,0.016083653750957508
pjxyqxbk403,0.01585924360887767
pjxsqxbj983,0.015847882186429782
pjxsqxbj980,0.015828105127434523
pjxyqxbj968,0.015811763498591692
pjxyqwbk617,0.015776854325611746
pjxyqxbj645,0.015751717426197756
pjxrqxbj963,0.01564168260917136
pjxyqxbl980,0.015576593307027674
pjxsqxbj823,0.015484479694781967
pjxyqxbk166,0.015374199162427736
pjxyqxbk190,0.015363793269401585
pjxyqxbk869,0.015315470432052506
pjxuqwbj473,0.015314243906376503
pjxyqwbj808,0.015043734739745808
pjxuqwbj953,0.015020973039665517
pjxyqxbk697,0.01497783815563372
pjxuqwbj758,0.014935966730332241
pjxsqxbj800,0.014924046270601211
pjxuqwbj634,0.014891275504251927
pjxyqwbj776,0.014691022046008962
pjxyqxbj841,0.014690830599189186
pjxuqwbj508,0.014669900220364863
pjxyqxbj164,0.014654817600877737
pjwtqxbj976,0.014608485296394013
pjxyqxbk076,0.014581347834262084
pjxuqwbj797,0.014568000582788891
pjxpqxbj972,0.014462218623769113
pjxyqxbj240,0.014455397259360228
pjxuqwbj584,0.014453477794586098
pjxyqxbj315,0.014288975113553802
pjxyqwbk762,0.014167631380503306
pjxyqxbj633,0.014105910011254535
pjxyqxbj096,0.014021354219643928
pjxyqwbj744,0.01399504377175393
pjxyqxbj080,0.013968556039290541
pjxuqwbj476,0.01394995088240104
pjxyqwbj837,0.013949120628214375
pjxyqwbk791,0.013871740958616395
pjxyqxbl854,0.013797482964111629
pjxyqwbk708,0.013742230039888713
pjxyqxbk147,0.013734023939851663
pjxtztbj997,0.013710354360702757
pjxyqxbk094,0.013692127161057308
pjxyqxbl950,0.013686398489453511
pjxuqwbj691,0.013639200172719974
pjxyqxbl929,0.013625521226452374
pjxyqxbk354,0.01350435692926819
pjxuqwbj637,0.01345118711379225
pjxyqxbj812,0.013441319183201456
pjxuqwbj785,0.013424501985550277
pjxyqwbj966,0.013353722450408795
pjxyqxbj663,0.013314046369522832
pjxyqxbk571,0.013273030800775838
pjxyqxbk632,0.013249896707997711
pjxuqwbj930,0.013238354415184068
pjxyqxbk861,0.013113426492671311
pjxyqxbk611,0.013072754309290962
pjxyqxbj439,0.013064286741876074
pjxuqwbj582,0.013056369843577118
pjxyqwbk899,0.013013100304152939
pjxyqxbj465,0.012977639950641254
pjxuqwbj734,0.012957179895455076
pjxyqxbk572,0.01291676273699702
pjxyqwbj560,0.012854543201970504
pjxuqwbj800,0.012765252916588853
pjxyqwbj412,0.012715038816958424
pjxuqwbj724,0.012698384584798265
pjxyqxbl874,0.012661249985056687
pjxyqwbk513,0.012652449596296968
pjxyqwbk650,0.012567416348934357
pjxyqxbj541,0.012525980800172308
pjxuqwbj839,0.01245803047452667
pjxyqxbk005,0.012431495988131069
pjxyqxbk927,0.012410493090973624
pjxyqxbk926,0.0123945386436205
pjxuqwbj676,0.012392827605869147
pjxyqwbj486,0.012303834942260275
pjxyqwbj379,0.012164353297844101
pjxyqxbk097,0.012142238018288194
pjxyqxbj848,0.0120990365619688
pjxyqxbk317,0.012082770944798558
pjxyqwbk972,0.012025582207786026
pjxwzxkj998,0.011964390473010629
pjxyqxbj670,0.0118999679392716
pjxyqxbk573,0.011879686063606421
pjxyqxbk281,0.011847157482411424
pjwtqxbj921,0.011834915148992242
pjxyqwbj278,0.01182805899738063
pjxyqxbj151,0.01175971824199301
pjxyqxbk991,0.011754480747623334
pjxyqxbj918,0.011747591180528627
pjxyqxbk522,0.01163777699877387
pjxyqxbl879,0.011611385401638813
pjxyqwbj172,0.011585275050577944
pjxyqxbk232,0.011516330833773692
pjxyqwbk799,0.011482165156496294
pjxyqxbl975,0.011421966938106987
pjxtzxbj997,0.011385208290299997
pjxyqxbj703,0.011357090192082931
pjxuqwbj854,0.011338894094298745
pjxyqxbk276,0.011334226203796495
pjxyqxbj642,0.01128086844514698
pjxyqxbj051,0.011169330069087453
pjxyqwbk537,0.011113842418733082
pjxtztbj989,0.011076341161319466
pjxyqxbk064,0.011069659108828114
pjxyqxbk767,0.01103442399693723
pjxyqxbk700,0.01100945716207013
pjxyqwbj904,0.011007602966491338
pjxyqwbj328,0.01093121640217822
pjxyqwbk796,0.010855149795534032
pjxwzxbj997,0.010816574115577023
pjxyqwbj129,0.01076033217108933
pjxyqwbj936,0.010751403805237482
pjxyqxbj817,0.01071648820339349
pjxyqxbj021,0.010628686907497551
pjxyqxbk314,0.010574561165552544
pjxyqxbj384,0.010570457182803906
pjwrqxbj967,0.0105297294192902
pjwtqxbj946,0.01051875870481052
pjxuqwbj826,0.010453293554798416
pjxyqxbl930,0.010329069058831623
pjxyqxbk528,0.010318280753401188
pjxyqxbk343,0.010279814445241398
pjxyqxbk286,0.010235864154918782
pjxyqxbk426,0.010189350393987565
pjxyqwbk828,0.010071247345773695
pjxyqxbj454,0.010063307149156195
pjxyqxbj119,0.010037672813831514
pjxyqxbk148,0.010029290800005482
pjxuqwbj515,0.010021467260303169
pjxuqwbj944,0.010019271289824577
pjxuqwbj699,0.009877725660052421
pjxyqxbl717,0.009875865654993522
pjxyqwbj052,0.00980428551456614
pjxyqxbk036,0.009777911258301816
pjxyqxbj483,0.009763875532778816
pjxyqxbl965,0.009732397974100422
pjxyqxbk346,0.009696952210776023
pjxsqxbj790,0.009690657256359267
pjxyqwbj318,0.009632986945885894
pjwtqxbj929,0.009580134101995475
pjxyqxbk398,0.00957614790871482
pjxyqxbk047,0.009536208333587492
pjxyqxbj174,0.00951322863481563
pjxuqwbj917,0.00949406506426144
pjxvzxbj989,0.009477291033682637
pjxyqxbk457,0.009465527314777353
pjxyqxbj733,0.009446088991920096
pjxxzxkj978,0.009445749189774285
pjxyqxbk634,0.009418876192029082
pjxyqxbj818,0.009410220928666821
pjxuqwbj871,0.009362457338252387
pjxyqxbk414,0.00933115079840098
pjwtqxbj920,0.009317738631083487
pjxyqwbj050,0.009284242800065153
pjxyqxbj910,0.009241361120186134
pjxyqxbk947,0.009205124836913513
pjxyqxbk613,0.009197822855858318
pjwrqxbj955,0.009068827766458872
pjxyqxbj616,0.009059156257037484
pjxyqwbk885,0.009056735224016956
pjxyqwbj847,0.009054993263539838
pjxyqwbk523,0.009024720786184425
pjxyqxbk434,0.00899884912586813
pjxyqwbj910,0.0089783608656319
pjxyqxbj679,0.008860780914313755
pjxyqxbk556,0.008849411508944785
pjxyqxbk072,0.008849392429645568
pjxyqwbj126,0.00884645297316945
pjxxxxbj914,0.008832486885982196
pjwrqxbj935,0.008822331642547613
pjxyqwbk868,0.00881293403697291
pjxyqwbk893,0.008780546761670657
pjxuqwbj609,0.008761335671564615
pjxyqwbj538,0.008754721956654287
pjxsqxbj808,0.008726973405153108
pjxsqxbj994,0.008718888182963212
pjxyqxbj607,0.008671051366931458
pjxrqxbj947,0.008567263816171919
pjxrqxbj903,0.008385355103846973
pjxyqxbl742,0.008384005860938692
pjxyqxbj979,0.008356800912254728
pjxyqxbj002,0.008315636586916007
pjxyqxbk598,0.008310203633926008
pjxyqxbk748,0.008296859854308947
pjxyqxbj182,0.00825966516802659
pjwtqxbj977,0.008245501398743525
pjxyqxbj869,0.008158116823620514
pjxyqxbk958,0.008146255864750889
pjxuqwbj559,0.008113656504172548
pjxuqwbj571,0.008087028369812338
pjxyqxbl889,0.008078239285147424
pjxyqxbj610,0.008058624458249971
pjxyqxbj643,0.008048253787114178
pjxxztbj995,0.00788493766016718
pjxyqwbj706,0.00787926664692496
pjwrqxbj923,0.007865890930264258
pjxyqxbk910,0.007858434704980492
pjxpqxbj986,0.007855820691160515
pjxyqxbl825,0.007771889881903082
pjxyqwbj149,0.007749158793765159
pjxyqxbj823,0.007748059685281949
pjxyqxbl774,0.007656323329962901
pjxyqxbj686,0.007628120250753282
pjwrqxbj984,0.007614190039023382
pjxqzxbj973,0.007569603094619239
pjxyqxbl759,0.007565291112937543
pjxyqwbj803,0.007557812242054393
pjxyqxbj220,0.007549731412955484
pjxyqxbj584,0.007501583713120112
pjxyqwbj697,0.007495492013052293
pjxuqwbj608,0.007449447099773186
pjxuqwbj677,0.007447937808202178
pjxyqxbl962,0.007439042240603322
pjxyqxbl937,0.007411752217581202
pjxsqxbj777,0.007389670444943967
pjxyqxbk150,0.007358921642970606
pjxuqwbj619,0.0073554396711266335
pjxuqwbj666,0.007245913776264029
pjxyqwbj400,0.007236894739031181
pjxyqwbk991,0.007189413250718497
pjxpqxbj977,0.007095434558706418
pjxyqxbj799,0.007085467416207542
pjxuqwbj857,0.007078844913739288
pjxpqxbj962,0.0070730834444316425
pjxyqxbj714,0.007048141115804739
pjxuqwbj503,0.00700546491605462
pjxuqwbj644,0.006983813033595377
pjxyqxbj124,0.006978688031031334
pjxyqxbj144,0.00693074266359102
pjxpqxbj992,0.006926273321168751
pjxuqwbj804,0.006868737703448104
pjxyqxbl747,0.006860656001781501
pjxyqwbj410,0.006826175390516212
pjxyqxbk350,0.006819790568107155
pjwrqxbj890,0.006783516421670996
pjxyqwbj820,0.006781721876301456
pjxyqxbk674,0.0067193940061730855
pjxuqwbj618,0.006693833623912666
pjxyqxbj239,0.0066819573307492315
pjxyqxbj511,0.006678336161520052
pjxyqwbk529,0.006672221148858346
pjxyqwbk999,0.006667708835680843
pjxyqwbj422,0.006643618900751219
pjxyqxbj945,0.0065783227937644285
pjxyqxbj397,0.006525221396345389
pjxyqwbj834,0.006494656240379163
pjxuqwbj714,0.0064721033190559265
pjxyqxbl904,0.0064420517535342635
pjxuqwbj585,0.006392836448136323
pjxyqxbk048,0.006344732723269576
pjxyqxbk992,0.006317644374781491
pjxyqxbj995,0.00631453341290863
pjxyqxbj353,0.006311497919576479
pjxyqxbk823,0.006300410969854293
pjxyqwbj873,0.006268748438289637
pjxyqxbj533,0.006197397842308841
pjxyqwbk844,0.006194228894947099
pjxyqxbl989,0.006190446675260635
pjxyqxbl946,0.006185093151597946
pjxyqxbj023,0.006183219988369966
pjxyqwbj347,0.0061766178347237985
pjxyqwbj500,0.006173403604773846
pjxsqxbj916,0.006170045299807324
pjxyqxbj978,0.006094538812437685
pjxyqwbj163,0.006091988123859769
pjxyqxbj049,0.006090692336058978
pjxyqxbk649,0.0060698513173519
pjxuqwbj527,0.006058488367511673
pjxyqxbl830,0.0060538886948797305
pjxyqwbj844,0.006020424823193055
pjxyqwbk815,0.005989885484894758
pjxyqwbj958,0.00596199241015687
pjxyqxbl746,0.005959903250515524
pjxyqxbl905,0.005951748681569209
pjxyqwbj155,0.0059360120982186754
pjxyqwbj033,0.005894749128372372
pjxrqxbj996,0.0058661515528836425
pjxxzxkj979,0.005865986849439864
pjxyqxbj255,0.00583526008669083
pjxyqwbj478,0.0057649866924984194
pjxyqxbl701,0.005756740673555736
pjxyqxbl939,0.005712157650715319
pjxyqwbj339,0.005705294655817487
pjxpqxbj994,0.005692554760370419
pjxyqxbj929,0.005648799299359498
pjxyqxbk027,0.00562703120609872
pjxyqxbk107,0.005610745886818572
pjxpqxbj912,0.005590631237548933
pjxyqwbk767,0.005588183963910047
pjxyqxbk703,0.005576336069266701
pjxyqxbl866,0.005575246518201233
pjxyqxbj548,0.005549652696690946
pjxxxxbj923,0.005529259033643208
pjxyqwbj628,0.005517089961225759
pjxsqxbj774,0.005516682774413392
pjxxztbj990,0.005499338004124692
pjxyqxbk334,0.005470485572523254
pjxyqxbj250,0.005468060442780329
pjxyqxbj682,0.005453662603617934
pjxyqxbj717,0.0054234421295266365
pjxyqxbk304,0.005420665434290776
pjxyqwbj555,0.005408731080177958
pjxyqxbk318,0.005400645544591646
pjxyqxbj921,0.0053526854239360705
pjxyqwbk520,0.005345313523447142
pjxyqwbj252,0.005342533678996212
pjxyqxbk167,0.005342450246253263
pjxyqwbj139,0.005342407425176535
pjxyqxbk872,0.005328699379958448
pjxyqxbj586,0.005322921490451703
pjxyqxbl699,0.005305601105106469
pjxpqxbj926,0.0053050565944406155
pjxyqxbl812,0.005299226097280502
pjxsqxbj760,0.0052968544906677306
pjxuqwbj516,0.005293463548261701
pjxyqxbk331,0.0052585987073332325
pjxyqxbj830,0.005241553573402501
pjxyqxbk954,0.005159879876481513
pjxyqxbk787,0.005152202866456757
pjxyqwbk572,0.005137614869919006
pjxyqxbk720,0.005083791871330112
pjxyqxbk934,0.005037330150743685
pjxuqwbj580,0.005004986339700899
pjxyqxbj007,0.00498720489113052
pjxyqxbj093,0.004964399844579651
pjxpqxbj963,0.004953279473002222
pjxuqwbj958,0.004932956827879621
pjxyqxbj158,0.004919115000270743
pjxyqwbk824,0.004874324316900278
pjxyqwbk813,0.004845582933374221
pjxuqwbj904,0.0048356899720167846
pjxyqxbj879,0.004827143985428367
pjxpqxbj967,0.00482211997186467
pjxyqxbj277,0.004819236738141429
pjxyqxbk743,0.004778472885697967
pjxyqwbj664,0.004767636626574959
pjxyqxbk024,0.004723986012856129
pjxyqxbj628,0.004716239821452252
pjxyqxbj527,0.004711409225717112
pjxyqxbj075,0.004706776127567727
pjxsqxbj856,0.004704720278240065
pjwrqxbj993,0.004703570498759347
pjxuqwbj788,0.004695131933669661
pjxyqxbj687,0.004689672033670591
pjxuqwbj717,0.004679774668011128
pjxwzxbj989,0.0046767210400792125
pjxyqwbj255,0.004674587153947488
pjxyqwbk615,0.004631820603635296
pjxyqxbk811,0.004629730088892721
pjxyqxbj681,0.004624525736155368
pjxyqxbk165,0.004620717963482339
pjwtqxbj947,0.004586773387313307
pjxyqxbk889,0.004563811526573592
pjxyqxbk792,0.004554808670836468
pjxyqxbk236,0.004541928401884189
pjxwxxbj960,0.004535114678440977
pjxyqwbk872,0.004522862234173736
pjxyqxbj935,0.004520034672441416
pjxyqxbj888,0.0044988382280983785
pjxyqwbk543,0.004494874349732441
pjxuqwbj572,0.0044941396724557225
pjxyqwbj322,0.004484202251434161
pjxyqxbk382,0.004478459765132143
pjxyqxbk388,0.0044607705669289675
pjxyqwbj441,0.004436896097515785
pjxyqwbj685,0.004436350799688342
pjxyqwbj301,0.004424249043865887
pjxyqxbj973,0.004410831192625752
pjxyqxbl687,0.004407930490959113
pjxyqxbk185,0.004403066305560895
pjxyqxbj525,0.004378428219102115
pjxuqwbj745,0.0043543215686510164
pjxyqxbk686,0.00434104808988468
pjxyqwbj109,0.004340995862262799
pjxyqwbk896,0.004334976270050168
pjxyqxbj332,0.004320021323935839
pjxyqxbj565,0.0043197749885391795
pjxwzxkj989,0.004268514093947343
pjwrqxbj882,0.0042486340007196555
pjxrqxbj954,0.004246018284442216
pjxyqxbj813,0.004241205089232823
pjxyqxbl793,0.004202439548084757
pjxyqxbj876,0.004178146490125264
pjxyqxbj443,0.004177954702801878
pjxyqwbj522,0.004160905098142802
pjxyqwbk760,0.00415018327723675
pjxyqwbj269,0.004146595726446662
pjxyqxbj864,0.004124653484828278
pjxyqxbj095,0.004120940260996342
pjxyqxbk065,0.00410681853717517
pjxyqxbj953,0.004105487914702447
pjxuqwbj906,0.004102807493708064
pjxuqwbj950,0.004089656960112636
pjxyqxbj557,0.004073983098501511
pjxyqwbj585,0.004072415000830272
pjxyqxbj692,0.004065585340396198
pjxyqwbj185,0.004065118711700503
pjxyqwbj642,0.004064013939805927
pjxyqxbk035,0.004060110370014615
pjxyqxbk131,0.004051499307908462
pjxyqxbk677,0.004016769183489762
pjxpqxbj944,0.004014656423434423
pjxyqxbj724,0.004007601902651771
pjxuqwbj876,0.003988698571561761
pjxuqwbj479,0.003978470731798981
pjxyqwbk839,0.003974912884741567
pjxyqxbj018,0.003969653567303753
pjxyqwbk694,0.0039410237793517724
pjxyqwbj266,0.003924049076691443
pjxyqxbk272,0.0039025107157643615
pjxyqxbl907,0.0038818711843085427
pjxsqxbj989,0.0038806741229927113
pjxyqxbj074,0.003880269855251149
pjxyqxbl810,0.0038589874429414027
pjxyqwbj366,0.003853864196095841
pjxyqxbj947,0.003836771385745127
pjxqqxbj998,0.003774281521694278
pjxuqwbj647,0.0037674003094219973
pjwtqxbj914,0.0037636693266487518
pjxyqwbk632,0.003759493105512493
pjxyqwbj944,0.003753835609256488
pjxyqwbj793,0.003744227643953791
pjxwzxkj985,0.003743738406888068
pjxyqwbj869,0.0037322483311795205
pjxyqwbj660,0.0037302970160357604
pjwrqxbj992,0.003696057257659722
pjxuqwbj539,0.0036944151772943974
pjwrqxbj956,0.0036924516043315464
pjxyqwbk656,0.0036918601494573358
pjxyqwbj181,0.003684650244220551
pjxyqxbj358,0.0036707660064022717
pjxyqxbk909,0.003629467313583683
pjxuqwbj967,0.0036214034213599955
pjxuqwbj564,0.003608739767628138
pjxyqxbk728,0.0036041458057229866
pjxrqxbj962,0.0036029705442069244
pjxuqwbj512,0.0035945433956977185
pjxyqwbj727,0.0035909965216759563
pjxwxxbj951,0.0035907558335956306
pjxpqxbj954,0.0035872280446993697
pjxyqxbk168,0.0035827407349415773
pjxpqxbj911,0.0035743561306322115
pjxyqxbj933,0.003571601338568174
pjxyqxbj251,0.003567335250863937
pjxyqxbj694,0.003564163418521112
pjxwzxbj996,0.003563011210620182
pjxuqwbj478,0.003556087067769186
pjxyqwbj053,0.0035486603402850128
pjxyqwbj418,0.003535707551057072
pjxyqxbj253,0.003483217151099387
pjxyqwbj967,0.0034586141739449904
pjxyqwbj004,0.003448768186669568
pjxyqwbk717,0.0034466173521694936
pjxyqwbj937,0.003439529675979101
pjxuqwbj805,0.003438089577056261
pjxyqxbk369,0.003435757197095006
pjxyqxbk902,0.003418499295714067
pjxyqxbk194,0.003405886353847584
pjxuqwbj581,0.00340156611770919
pjxyqxbk330,0.003401548585321507
pjxyqwbk531,0.0034004512107025917
pjxyqxbk264,0.003398193582337462
pjxyqwbj615,0.003380938649410322
pjxyqxbl963,0.003358168826902884
pjxyqxbk657,0.0033535806712134547
pjxyqwbj788,0.00335283258871862
pjxyqxbl724,0.00333721465661501
pjxyqxbk428,0.0033351791470298503
pjxuqwbj545,0.003326953430203869
pjxyqxbj861,0.0033256060247924815
pjxsqxbj872,0.0033256060247924815
pjxsqxbj904,0.003308767448357207
pjxyqxbl916,0.003302844395663891
pjwtqxbj943,0.0032998424067390364
pjxyqxbj524,0.00329037985767154
pjxyqxbk867,0.0032896325555965495
pjxyqwbj773,0.003285297330666356
pjxyqxbk075,0.0032847664283336886
pjxyqxbl730,0.0032847664283336886
pjxyqxbj851,0.003270275507506286
pjxyqxbk788,0.0032570150853355097
pjxyqxbl911,0.003255138580458193
pjxyqwbj926,0.003249476536267245
pjxwzxkj991,0.0032298192718489102
pjxyqwbj582,0.003217499228925692
pjxyqxbk090,0.003215092405937863
pjxyqwbk631,0.003214793506837747
pjxyqwbj361,0.003209485638352125
pjxsqxbj985,0.0032064922121149936
pjxyqxbk801,0.0032003502956249163
pjxyqwbj604,0.003197839863728855
pjxyqxbk163,0.003194144176051197
pjxwxxbj899,0.0031881634061961387
pjxyqxbk590,0.0031870773548938434
pjwrqxbj980,0.003184447699254575
pjxyqxbj195,0.0031715888606206346
pjxpqxbj961,0.0031621817901632972
pjxyqxbl839,0.0031612967608361064
pjxyqwbk666,0.003158425030157435
pjxyqwbj758,0.0031548105632087085
pjxyqxbj784,0.003136140198239571
pjxyqwbk859,0.0031327638186983806
pjxyqwbj802,0.003125752206859474
pjxyqxbk524,0.0031170570352588587
pjxpqxbj918,0.0031101784379040437
pjwrqxbj998,0.0031050013300243868
pjxyqxbk399,0.003097604996752955
pjxyqxbl985,0.0030864945422658277
pjxyqxbk458,0.003076298990094524
pjxwzxbj988,0.003066127223525926
pjxrqxbj901,0.0030549060074747097
pjxqzxbj971,0.0030513827216002176
pjxyqxbj807,0.003048154454737675
pjxyqwbj663,0.003038744035404162
pjxyqwbj961,0.0030375627555772416
pjxyqwbj485,0.003032384677078222
pjxyqwbk729,0.0030293741001014523
pjxyqwbj092,0.003016342736586668
pjxyqwbj927,0.0030117301444190204
pjxyqxbk521,0.003008643720684867
pjxyqxbj008,0.003003098754002183
pjxyqxbk935,0.0029982555665812316
pjxsqxbj764,0.0029977239285863652
pjxyqxbk820,0.002997298468236992
pjxyqwbj574,0.0029959953860952356
pjxyqxbk601,0.0029944036252983284
pjxwxxbj972,0.002991165259346132
pjxyqwbj991,0.002989043276198425
pjxyqwbj398,0.0029878877408044554
pjxyqxbj223,0.002987490219935484
pjxxxxbj933,0.002987193045143568
pjxyqwbj780,0.0029854022363870695
pjxyqwbj867,0.0029820112123778025
pjxyqwbj617,0.0029782657759245983
pjxyqxbl758,0.002969401476211845
pjxyqxbk633,0.0029606718624471617
pjxuqwbj918,0.0029562274950661834
pjxyqxbj780,0.0029476538046353125
pjxyqxbk180,0.0029452308503465116
pjwrqxbj949,0.00294514123760812
pjxyqwbj049,0.0029441501688307376
pjxyqxbj106,0.002939569833729394
pjxyqwbk812,0.0029344426309659386
pjxyqxbj629,0.002934359534304937
pjxyqxbj599,0.002931820862708903
pjxsqxbj900,0.002916464831647612
pjxyqxbj371,0.0029156451481773017
pjxyqwbj886,0.0029114600853879474
pjxyqxbl743,0.00290641963852367
pjxyqxbk484,0.002905196085423411
pjxyqxbl988,0.0029027542854776784
pjxpqxbj955,0.0029021015651996464
pjxyqxbk335,0.002897550513749728
pjxyqwbk879,0.002889672278565233
pjxyqwbk618,0.0028827217861459235
pjwrqxbj994,0.0028827217861459235
pjxyqxbk813,0.0028814148383592606
pjxyqxbk534,0.0028784967691309537
pjxyqwbj789,0.0028350174181065993
pjxqqxbj951,0.0028341474914035767
pjxyqxbj712,0.0028328225938839386
pjxyqxbk199,0.002830600495936539
pjwrqxbj944,0.0028255617955083292
pjxyqwbj605,0.0028251205133674444
pjwtqxbj984,0.00282478726209149
pjxuqwbj624,0.0028171912500045094
pjxwxxbj940,0.0028094831140868326
pjxyqxbj540,0.0028094342877833466
pjxsqxbj920,0.002809276754931891
pjxyqwbj221,0.0028058555088251165
pjxyqxbj831,0.002803269807141068
pjxyqwbj307,0.002803138308225983
pjxyqwbj929,0.002801686320800061
pjxyqwbj608,0.00279882090582227
pjxyqxbl804,0.0027985627333785706
pjxyqwbj965,0.002786536997151923
pjxyqwbj688,0.0027790290119264175
pjxyqwbj299,0.002777154284589866
pjxrqxbj928,0.0027766765297729964
pjxyqwbj876,0.0027757128693849218
pjxyqxbk101,0.0027752743852330506
pjxsqxbj998,0.0027727419987331205
pjxyqwbj425,0.0027708177646128276
pjxyqxbj506,0.0027547990917542093
pjxpqxbj997,0.0027545393380005827
pjxyqxbk446,0.0027518267064305987
pjxyqxbj893,0.0027486241193163358
pjxyqxbk135,0.0027323112553484983
pjxuqwbj674,0.0027251527014420843
pjxxxxbj944,0.002720923806908308
pjxuqwbj993,0.0027100714600495467
pjxyqwbj922,0.002707359348250252
pjxyqwbj821,0.002706287757140204
pjxyqwbj646,0.0027056548434069754
pjxyqxbk290,0.0026991737147760357
pjxyqxbk052,0.0026840002901033434
pjxuqwbj840,0.0026822931791967305
pjxyqxbk086,0.002674434998783443
pjxyqwbj809,0.0026622702061792868
pjxyqwbk679,0.002661379824061417
pjxyqxbk804,0.002659893434707495
pjxyqxbj640,0.002654700591662152
pjxuqwbj715,0.0026450654869550525
pjxyqwbj209,0.0026346750462624357
pjxyqwbj713,0.0026329849273844493
pjxyqwbj563,0.002630156239290654
pjxyqxbl751,0.0026271918700327412
pjxyqwbk931,0.0026193728283086097
pjxyqwbk923,0.002617566543355006
pjxyqwbj232,0.002615789169093685
pjxyqxbk757,0.0026131950165551414
pjxyqwbj015,0.0026099036373103965
pjxyqxbj776,0.002608263587214321
pjxyqwbk769,0.002604957996971203
pjxyqxbk843,0.0026030121800513575
pjxyqwbk792,0.002597455716111637
pjxwxxbj918,0.0025954701703610754
pjwrqxbj978,0.0025931378232538324
pjxyqxbk596,0.002586085137100691
pjxyqxbj046,0.0025846190502985707
pjxuqwbj774,0.0025825771012072734
pjxyqwbj087,0.002581628084785842
pjxyqxbj404,0.0025717085779402103
pjxyqwbk967,0.00256693814709318
pjxyqwbj223,0.002566883199299289
pjxyqwbj890,0.002557091380433411
pjxyqxbj638,0.002556143488566541
pjxyqwbj315,0.0025529806263209923
pjxyqwbk728,0.0025490860171076385
pjxyqwbj903,0.002548599972710053
pjxyqxbj139,0.002543963347337621
pjxyqxbj470,0.0025431882628687667
pjxtztbj998,0.0025361569088658436
pjxyqwbj782,0.0025324464316665734
pjxwxxbj981,0.0025269550584686444
pjxyqxbk680,0.002525810597179722
pjxrqxbj981,0.002525176298067301
pjxyqxbk629,0.00252401541576656
pjxqqxbj989,0.002521069055655066
pjxyqwbj718,0.0025192384275313645
pjxyqwbj883,0.0025188279308039265
pjxyqxbk160,0.002512979460779756
pjxxxxbj989,0.002508994037823897
pjxuqwbj687,0.002501677607218133
pjxyqxbj798,0.0025015176118446197
pjwrqxbj948,0.002494167758337921
pjxxzxkj991,0.0024900201304764134
pjxyqwbj624,0.002484141765660993
pjxxxxbj968,0.00248017090843219
pjxyqwbj338,0.0024783290626083803
pjxuqwbj848,0.002474717219432286
pjxqzxbj994,0.002474669558981687
pjxyqwbk845,0.0024719154040463696
pjxyqxbk846,0.0024683693383256117
pjxyqwbk724,0.002467655057951977
pjxyqxbk151,0.00246621552780384
pjxqqxbj957,0.0024661728616438053
pjxyqwbj117,0.0024618324280355304
pjxqqxbj947,0.002458136063590663
pjxyqwbk662,0.00245705767460662
pjxyqwbj949,0.002449623466605513
pjxyqwbj799,0.0024476883135020767
pjxyqwbj080,0.0024460352362860927
pjxyqwbj351,0.002430480895604653
pjxyqwbj408,0.0024189976884479315
pjxyqwbj453,0.0024103075753879673
pjxyqxbk621,0.002404911045250149
pjxyqwbj889,0.0024025764460544165
pjxyqwbk761,0.0024020875425551894
pjxyqxbj637,0.0023913929230450744
pjxuqwbj698,0.002390674519632526
pjxsqxbj844,0.0023867248086461394
pjxyqwbj190,0.0023866548471373626
pjxyqwbj261,0.002376582636761043
pjxxxxbj975,0.0023725629150341565
pjxyqxbk828,0.002372002914085327
pjxyqwbj285,0.0023684688154180806
pjxrqxbj978,0.002365627104344284
pjxyqxbk402,0.0023645763543311453
pjxyqwbj790,0.00236185462456714
pjxyqxbk144,0.0023588540053073874
pjxyqwbj272,0.00235767090192394
pjxpqxbj941,0.002348239784992663
pjxyqxbj800,0.0023454452102071627
pjxyqwbk505,0.0023374284888337247
pjxyqxbk079,0.002334591557554394
pjxwxxbj964,0.0023278940551108257
pjxyqwbj362,0.002324672392000175
pjxsqxbj997,0.0023229880018753642
pjxsqxbj941,0.002322300716138053
pjxpqxbj987,0.00231924065329304
pjxyqwbj249,0.0023185911730016196
pjxyqxbj478,0.002315905575778242
pjxsqxbj821,0.002311478596425812
pjxyqwbj928,0.0023091968818885608
pjxyqxbj279,0.0023060836152963902
pjxyqxbk939,0.002291834713969624
pjxyqxbk520,0.002288680068881137
pjxyqwbj251,0.002283478550828393
pjxsqxbj863,0.0022831866802788684
pjxrqxbj908,0.0022810206223902
pjxuqwbj748,0.0022786828127531653
pjxyqxbl867,0.0022773379058081676
pjxpqxbj937,0.0022773309001930505
pjxyqwbj146,0.0022669860788885102
pjxyqwbj401,0.0022669860788885102
pjxqqxbj973,0.0022664622812547846
pjxyqxbk878,0.00226140960602491
pjxyqwbj341,0.0022613078927424513
pjxyqwbk942,0.002257725697321104
pjxyqwbj570,0.0022561903299620177
pjxyqwbk636,0.002248988290231157
pjxyqwbj302,0.002247870975465412
pjxyqxbk158,0.0022435777519173336
pjxyqwbj108,0.002240823537300167
pjxsqxbj886,0.0022400190954307056
pjxyqwbj334,0.002235552179208309
pjxsqxbj885,0.002228865360582142
pjxyqxbk778,0.0022278084434565314
pjxyqwbj084,0.002225931054476981
pjxyqwbk807,0.0022245144165191928
pjxqqxbj949,0.0022242735167698428
pjxyqxbl821,0.0022226182436292583
pjxyqwbj428,0.0022224075223315643
pjxyqxbk663,0.0022222442988661935
pjxsqxbj893,0.002221411975750249
pjxsqxbj970,0.002220610761808276
pjxyqxbk993,0.002220610761808276
pjxrqxbj894,0.0022191413578501896
pjwtqxbj913,0.002219080624822342
pjxyqwbj569,0.002217228442139108
pjxxxxbj910,0.002215362439610463
pjxrqxbj898,0.0022069432763982036
pjxyqxbj625,0.0022048905114690296
pjxyqxbk023,0.002204064427387638
pjxyqwbk746,0.002202818827652669
pjxyqxbj325,0.0022000293981825915
pjxqqxbj982,0.002195243686353402
pjxyqwbk713,0.0021950607264494396
pjxyqxbk656,0.0021874699651510125
pjxyqwbj003,0.002186074328714384
pjxyqwbj842,0.00218478264005851
pjwrqxbj884,0.002183221299682431
pjxyqwbj225,0.002183221299682431
pjxwzxbj985,0.0021797576856743186
pjxyqwbj506,0.0021775654174432885
pjxyqxbj519,0.0021756906004187066
pjxyqwbj095,0.0021722614643206245
pjxsqxbj820,0.002172051311318612
pjxyqxbk835,0.002169998870515232
pjxyqwbj125,0.0021686406639088757
pjxyqxbj237,0.002167400091950693
pjxyqwbk864,0.0021628579110476408
pjxyqwbj488,0.0021625132763094363
pjxyqwbk907,0.002159594261479136
pjxyqxbj474,0.0021590897082987104
pjxsqxbj827,0.0021542166352951715
pjxyqwbj791,0.002149736432587861
pjxyqxbl794,0.002148369555747236
pjxyqxbk610,0.002148369555747236
pjxyqwbj476,0.0021439839928911264
pjxyqxbj520,0.0021435220474905884
pjxuqwbj766,0.0021425688219285947
pjxyqwbj772,0.0021404732720567
pjxyqwbk527,0.0021344388923915276
pjxyqwbk720,0.002127778046164264
pjxyqwbj035,0.002126696747969238
pjxyqwbj038,0.002120727649670004
pjxyqxbj609,0.0021180175043424908
pjxuqwbj814,0.0021178361575309008
pjxyqxbj261,0.0021168772177928134
pjxyqwbj658,0.002112075617997946
pjxyqwbk810,0.002109778901932287
pjxyqxbj575,0.0021083717660824917
pjxqqxbj969,0.0021071498176266686
pjxyqxbk929,0.0021061676781802623
pjxyqxbk053,0.0021036574234770643
pjxxxxbj987,0.0021006229018869682
pjxyqwbj274,0.0021004050438401776
pjxsqxbj971,0.002097947053149882
pjxrqxbj961,0.0020961517763204065
pjxyqwbj088,0.002092331744153473
pjxyqwbj086,0.0020914645899220304
pjxpqxbj945,0.0020881000391120433
pjxyqwbj726,0.002083991050577053
pjxyqxbk220,0.002083771813781338
pjxsqxbj949,0.0020812226175638666
pjxsqxbj825,0.0020812226175638666
pjxyqwbj463,0.0020811512428510225
pjxyqxbk342,0.0020735516483522598
pjxyqwbj100,0.002073461297820437
pjwtqxbj993,0.002073423324646193
pjxyqxbj459,0.002069971013586287
pjxyqwbj101,0.002068368612989855
pjxyqwbj479,0.002067900122899062
pjxyqxbk316,0.0020626724478114665
pjxyqwbk795,0.0020621582756488246
pjxsqxbj789,0.0020619534042540604
pjxyqwbk802,0.002059951070223031
pjxyqxbj187,0.0020509809066612734
pjxpqxbj924,0.0020489677369167304
pjxyqxbk007,0.002037921294579801
pjxrqxbj972,0.002037290427306067
pjxxxxbj953,0.0020369047435397527
pjxqqxbj986,0.0020362005047947123
pjxqzxbj975,0.002033337079818804
pjxyqxbj228,0.002031940467302317
pjxsqxbj779,0.0020309025798099325
pjxyqwbj043,0.0020296056516281584
pjxyqwbj267,0.0020282263372409935
pjxyqwbj002,0.0020232900992050943
pjxyqwbk818,0.0020232900992050943
pjxyqxbl954,0.002021618458647359
pjxyqxbk046,0.002018722645808071
pjxyqwbj073,0.0020170190753857342
pjxsqxbj929,0.002014441149263686
pjxyqxbk715,0.002006862542954223
pjxyqwbj133,0.002003503977585075
pjxsqxbj796,0.001999003444806739
pjxyqxbj707,0.001997267114104439
pjxyqwbk856,0.0019967899279838474
pjxyqwbj262,0.0019943163635385576
pjxyqwbj897,0.001992271777016601
pjxyqxbj374,0.0019884148790671927
pjxxxxbj980,0.0019875067671871675
pjxyqwbk731,0.0019863509414393115
pjxyqxbk760,0.0019836911722485875
pjxyqxbk066,0.001982378031087629
pjxyqwbk644,0.0019820090798922827
pjxuqwbj547,0.0019785468820680417
pjxyqxbj528,0.0019777562318875866
pjxyqxbl910,0.001975664677503689
pjxyqxbj903,0.0019684558520270175
pjxuqwbj996,0.001962894256314174
pjxyqwbj325,0.0019621846084476283
pjxuqwbj546,0.00196114121140491
pjxyqwbj822,0.001958345273406618
pjxxxxbj937,0.0019570811897587806
pjxpqxbj973,0.001956958771893315
pjxrqxbj942,0.0019558674919177388
pjxyqwbj933,0.0019553658010789494
pjxsqxbj942,0.0019525991531505176
pjxyqxbl796,0.0019524505970572388
pjxqzxbj980,0.0019510551007551418
pjxyqwbj369,0.0019492635310529437
pjxwxxbj945,0.0019491495257516237
pjxyqwbj283,0.001949040797625173
pjxyqxbl996,0.0019490373894786729
pjxyqxbj605,0.0019479717812747345
pjxqqxbj975,0.001946162311608176
pjxqqxbj967,0.001946162311608176
pjxrqxbj939,0.001946162311608176
pjxqqxbj981,0.001946162311608176
pjxyqwbj312,0.0019458920353713756
pjxyqwbk700,0.0019457112424102118
pjxrqxbj945,0.0019453728623343078
pjxxxxbj995,0.0019451913598218919
pjxyqwbk509,0.0019437899997805993
pjxyqwbj902,0.0019408384601054373
pjxuqwbj641,0.0019354518278069384
pjxyqxbk625,0.0019328619281177705
pjxqqxbj964,0.0019293657555972425
pjxyqxbk961,0.0019290779018314998
pjxyqwbj811,0.001923848874561527
pjxyqwbj755,0.0019174367835542584
pjxyqxbj400,0.0019124103183248463
pjxyqxbj038,0.0019103230333731625
pjxyqwbk740,0.0019101217548607968
pjxyqwbk621,0.001909373716256403
pjxyqxbk777,0.0019082823260877155
pjxyqwbj648,0.0019038941035912835
pjxyqwbj282,0.001896137923296423
pjxsqxbj892,0.001894824297145016
pjxwxxbj928,0.0018919699486736408
pjxuqwbj881,0.0018886862224854687
pjxyqxbk537,0.0018852593724728213
pjxxxxbj981,0.0018845110366505207
pjxyqxbj927,0.0018833112690094932
pjxyqwbj509,0.0018794360164765677
pjxyqxbl828,0.001877627999950851
pjxxztfj972,0.0018752125406675626
pjxyqwbk562,0.0018743068220006748
pjxyqxbk797,0.0018732288741667848
pjxwzxfj981,0.00187267158084177
pjxvzrfj981,0.00187267158084177
pjxxztfj995,0.00187267158084177
pjxyqwbj859,0.001868303516600114
pjxqqxbj988,0.001868303516600114
pjxuqwbj784,0.0018677590589492163
pjxsqxbj884,0.001861919053638705
pjxvztfj992,0.0018617124214799776
pjxyqxbk780,0.0018609675806011284
pjxyqxbl781,0.0018594388538649954
pjxxxxbj970,0.0018590925245436762
pjxxxxbj966,0.0018590925245436762
pjxyqxbk945,0.0018577991183001074
pjxwxxbj907,0.0018577639944962923
pjxyqwbj662,0.0018559068673588669
pjxyqxbj779,0.0018535135491810377
pjxxxxbj921,0.0018515065953636756
pjxyqxbj052,0.0018495062124645406
pjxyqwbk928,0.0018482123656128784
pjxyqwbj769,0.0018475502733093364
pjxsqxbj843,0.0018469945998163305
pjxyqwbj905,0.0018378803855416603
pjxyqxbj290,0.0018377158284845314
pjxqqxbj970,0.001835842120994245
pjxxxxbj963,0.0018353443513824882
pjxyqwbj737,0.0018331430503035128
pjxyqwbj871,0.0018306448765711522
pjxyqxbl893,0.0018306448765711522
pjxyqxbk847,0.0018288349299152669
pjxyqxbj987,0.0018277350831333381
pjxyqwbj224,0.0018226161329542615
pjxpqxbj933,0.0018220754356646676
pjxyqxbj084,0.0018199492122192148
pjxyqxbj153,0.0018198472659467575
pjxrqxbj930,0.0018198289072695905
pjxyqxbk491,0.0018183181863861426
pjxyqwbk665,0.0018162770634809337
pjxyqwbj061,0.0018153729683359856
pjxyqxbk798,0.0018134486726406605
pjxqzxbj984,0.0018134188774438502
pjxyqxbj217,0.0018120522255418558
pjxyqwbj164,0.001810113223328251
pjxrqxbj892,0.0018097916485437422
pjxsqxbj810,0.0018074133239276756
pjxyqxbk852,0.0018059714914093895
pjxyqwbj557,0.0018057346711346572
pjwrqxbj985,0.0018055667419881833
pjxyqxbk962,0.0018046355855369158
pjxwxxbj905,0.0018039311989879415
pjxyqxbj594,0.0018038884550643781
pjxyqxbk358,0.0018029667248712588
pjxyqwbj669,0.0018028673695612218
pjxyqxbj464,0.0018005234833370115
pjxrqxbj914,0.001798218461493854
pjxqzxbj997,0.0017946732554508635
pjxxxxbj945,0.0017908600853557078
pjxxxxbj930,0.0017888567205347464
pjxpqxbj985,0.0017871768639160348
pjxwxxbj992,0.0017867257409552616
pjxuqwbj591,0.0017814766708901825
pjxyqwbj090,0.0017788273989622439
pjxuqwbj583,0.0017775532628824375
pjxyqxbk905,0.001777188813972248
pjxyqwbj841,0.0017719454960283148
pjxyqwbj577,0.0017697097101630455
pjxsqxbj792,0.0017675207227152508
pjxyqxbk807,0.0017671428001027794
pjxyqwbj018,0.0017645603752992384
pjxyqwbj459,0.0017576547451184986
pjxyqwbj201,0.001756137543688418
pjxyqxbk637,0.0017554806958246791
pjxxxxbj997,0.0017552696513128266
pjxyqxbl750,0.0017549002416715033
pjxyqwbj853,0.0017545074847884065
pjxsqxbj940,0.0017526386049635154
pjxyqwbk869,0.00174946394293702
pjxyqxbj868,0.0017472447891668248
pjxyqxbj907,0.001741367518484752
pjxxxxbj916,0.0017397179152477081
pjxxxxbj904,0.0017397179152477081
pjxyqwbj535,0.0017396479745290395
pjxrqxbj983,0.0017393801281302091
pjxyqwbj300,0.0017389981611327086
pjxsqxbj996,0.0017381583426879029
pjxqqxbj997,0.0017362575732622102
pjxyqwbj797,0.0017345810473352796
pjxyqxbj286,0.001733956662611802
pjxxxxbj922,0.001730952273048558
pjxyqwbk646,0.0017307766770015129
pjxxxxbj907,0.001729938664350117
pjxuqwbj721,0.0017285847815611398
pjxyqxbj167,0.0017273577199825034
pjxqqxbj985,0.0017271683030461984
pjxyqxbj224,0.0017242724363449515
pjwrqxbj925,0.001723123228800046
pjvyzxbj997,0.001720390291825463
pjxuqwbj976,0.0017153188119282351
pjxuqwbj770,0.0017150809049954166
pjxyqxbl970,0.0017146984242963803
pjxyqwbk745,0.001714659122531669
pjxyqwbj777,0.0017136658427419431
pjxyqxbj608,0.0017124176584701076
pjxsqxbj840,0.0017115895131509153
pjxyqxbj791,0.0017114928418471209
pjxyqxbj949,0.0017114054821084173
pjxyqxbj957,0.001710466947565636
pjxuqwbj719,0.0017091731335991617
pjxxxxbj943,0.0017087278764668949
pjxxxxbj901,0.0017086614712227128
pjxyqwbj022,0.0017061808604746335
pjxuqwbj713,0.001705953956480038
pjxyqxbk263,0.001705099125832475
pjxyqxbj884,0.0017045948893969318
pjxyqxbl990,0.0017017856469745672
pjxyqwbk964,0.0017006920476255898
pjxsqxbj815,0.0016962358182027475
pjxqqxbj991,0.0016951286322697537
pjxrqxbj911,0.0016937733550139848
pjxyqxbk759,0.00169198151216508
pjwtqxbj969,0.0016918609756373297
pjxpqxbj932,0.0016905579373097926
pjxpqxbj925,0.0016897339625053158
pjxyqxbj505,0.001689655207911581
pjxyqwbj089,0.0016871681498808575
pjxyqwbj932,0.0016832991531527484
pjxyqwbk922,0.0016824933801320573
pjxyqwbk901,0.0016755976243478465
pjxyqwbj236,0.0016690456339110672
pjwrqxbj924,0.00166765675042222
pjxyqwbk747,0.0016666386052643617
pjxyqwbj673,0.0016643617275114598
pjxyqxbk305,0.0016604971126182005
pjxyqwbj710,0.001655682115564027
pjxxxxbj913,0.001655545658323598
pjwrqxbj951,0.0016541782618846022
pjxyqxbk042,0.0016520642940154495
pjxyqwbj677,0.0016429355695248408
pjxyqxbl969,0.0016418074889970142
pjxyqwbj611,0.0016414410663561916
pjxyqxbj950,0.001634498255836341
pjxyqxbk183,0.0016336971693200531
pjxxxxbj942,0.0016305541860081364
pjxyqxbj781,0.0016305235506869793
pjxyqxbk951,0.00163038265190412
pjxyqxbl987,0.0016266566219371261
pjxuqwbj738,0.0016262005699276565
pjxyqwbk806,0.0016225427783323739
pjxyqxbj521,0.0016221655482452054
pjxyqwbj464,0.0016220638038750932
pjxyqwbj360,0.0016212864681744515
pjxxztfj992,0.001620896055716136
pjxxzxkj981,0.0016197434608486313
pjxyqwbj193,0.0016182887526348985
pjxyqwbj154,0.0016169850542247911
pjxxzxkj998,0.0016169770932209049
pjxyqwbk870,0.0016148163653465334
pjxsqxbj922,0.0016147117017931924
pjxtzxfj994,0.0016135512802051145
pjxwzxfj987,0.0016098837024879447
pjxyqxbk021,0.0016046753748326383
pjxqzxbj989,0.0016040337542761326
pjxyqwbk575,0.0016007105166710735
pjxwxxbj927,0.0016004117915559763
pjxyqxbk519,0.0015997104438167848
pjxyqxbj340,0.0015980091076070425
pjxyqwbj947,0.0015967580797964902
pjxyqxbj853,0.0015959725839708827
pjxyqwbj054,0.0015947953329891191
pjxsqxbj968,0.0015945317054877014
pjxyqwbj321,0.0015938706007190481
pjxsqxbj953,0.0015933922962356214
pjxyqwbk830,0.0015933695058099277
pjxyqwbj445,0.0015920947739073905
pjxyqwbj988,0.0015908254832530983
pjxyqxbk368,0.0015886817481531262
pjxxzxkj983,0.0015851023839404128
pjxyqxbj230,0.001580239782672467
pjxrqxbj994,0.0015800519397568497
pjxyqwbj243,0.0015793305844653911
pjxyqwbj939,0.0015724968852439392
pjxyqwbk519,0.0015717916460667599
pjxyqxbl815,0.0015707468098184823
pjxyqwbk595,0.00156997346110866
pjxwzxkj992,0.0015679052336984526
pjxrqxbj944,0.0015672517340470683
pjxyqwbj417,0.0015614435775886664
pjxuqwbj643,0.0015609738378387177
pjxyqwbj691,0.001559887991549419
pjxrqxbj919,0.001559459866985798
pjxrqxbj957,0.001557582392556377
pjxqzxbj996,0.001556688133015351
pjxyqwbj469,0.0015561258680088692
pjxuqwbj837,0.0015545763429685893
pjxyqxbk679,0.0015538537678665403
pjxyqwbk548,0.0015511380440761733
pjxuqwbj733,0.0015509136313579385
pjxyqxbk562,0.001550149694739108
pjxyqwbk966,0.0015480267701319982
pjxyqwbj525,0.0015469259014079734
pjxwzxbj987,0.0015444520404428264
pjvyzvfj974,0.0015419456345662204
pjxvzxfj998,0.0015419456345662204
pjxuzsfj977,0.0015419456345662204
pjxvzrfj978,0.0015419456345662204
pjxwzxfj993,0.0015419456345662204
pjxuzsfj981,0.0015419456345662204
pjxwzxfj983,0.0015419456345662204
pjxwzxfj977,0.0015419456345662204
pjxvztfj974,0.0015419456345662204
pjxvztfj976,0.0015419456345662204
pjxvztfj985,0.0015419456345662204
pjxuzsfj984,0.0015419456345662204
pjvyzvfj989,0.0015419456345662204
pjvyzvfj994,0.0015419456345662204
pjxtzxfj978,0.0015419456345662204
pjxvztfj990,0.0015419456345662204
pjxuzsfj983,0.0015419456345662204
pjxtzxfj983,0.0015419456345662204
pjxvztfj980,0.0015419456345662204
pjxvztfj991,0.0015419456345662204
pjxuzsfj988,0.0015419456345662204
pjxvzxfj970,0.0015419456345662204
pjxxztfj982,0.0015419456345662204
pjvyzvfj998,0.0015419456345662204
pjxvzxfj972,0.0015419348196816186
pjxtztbj990,0.0015413906651763495
pjxyqwbk829,0.0015410848774659765
pjvyzvfj977,0.0015408652768037555
pjxtzxfj986,0.0015408652768037555
pjxwxxbj916,0.0015368361529361602
pjxyqwbj326,0.0015343776673621833
pjxyqwbj277,0.0015324032287212857
pjxxxxbj988,0.0015318822705467875
pjxrqxbj971,0.0015318822705467875
pjxyqwbj532,0.0015303871928098224
pjxuqwbj500,0.0015302691363287353
pjxrqxbj891,0.0015296584739993256
pjxrqxbj918,0.0015290650110846374
pjxyqwbj358,0.0015276286125368152
pjxyqxbj150,0.0015246267554353899
pjxyqwbk814,0.0015237106741866713
pjxyqwbj630,0.001518732194999608
pjxyqxbk095,0.0015185020039824527
pjxyqxbl735,0.0015180060482357773
pjxyqxbj032,0.0015162278602665915
pjxyqwbj616,0.0015162172038132961
pjxyqxbk880,0.0015162172038132961
pjxyqxbk243,0.0015158696050713938
pjxwxxbj953,0.0015157324208375563
pjxyqwbj391,0.0015147804468113174
pjxyqwbj787,0.001514564781434965
pjxyqwbj935,0.0015136184719672194
pjxyqxbj460,0.0015132864291577753
pjxyqwbj734,0.001506705974114455
pjxpqxbj976,0.0015054891610757088
pjxyqxbj595,0.0015048932825069163
200307700011,0.001500605443463314
pjxyqwbj036,0.0014998169877883203
pjxuqwbj873,0.0014994422381874389
pjxsqxbj786,0.0014984776457308154
pjxyqxbk319,0.0014965851564358512
pjxwzxbj990,0.0014933080547128998
pjxsqxbj809,0.001489376365408538
pjxyqxbj440,0.001486817527248843
pjxpqxbj919,0.0014840258625175142
pjxyqxbj422,0.001482133070618175
pjxxxxbj941,0.0014811487319113471
pjxyqxbk547,0.0014766597242258945
pjxyqwbj468,0.0014766305259720873
pjxyqwbj058,0.0014749225337768739
pjxqqxbj954,0.0014738558144200152
pjxyqwbj946,0.0014682499445687462
pjxyqwbj598,0.0014669318010516346
pjxyqxbj496,0.001466611597171933
pjxyqwbj293,0.0014666038790138243
pjxyqwbj695,0.0014649360808505366
pjxyqxbl925,0.0014622413012663877
pjxyqxbk898,0.0014622413012663877
pjxyqxbj484,0.0014622413012663877
pjxyqxbk753,0.0014580107998396726
pjxrqxbj992,0.0014574721282345148
pjxqqxbj974,0.0014556495565609224
pjxyqwbj877,0.0014514202757102614
pjxyqwbk734,0.0014514202757102614
pjxyqwbj203,0.0014462810983832423
pjxrqxbj952,0.001441459716607429
pjxyqxbk655,0.0014385743133030781
pjxsqxbj771,0.001435764996920341
pjxyqxbj121,0.0014341195753719588
pjxyqwbj016,0.0014334309715795391
pjxsqxbj752,0.0014314163190660533
pjxsqxbj927,0.0014296003352339767
pjxqqxbj961,0.0014284769262227779
pjxxzxkj997,0.0014280812865447843
pjxuqwbj650,0.0014234271937146668
pjxyqxbj348,0.0014188110332061582
pjxxxxbj911,0.001417443005473097
pjxyqxbl934,0.001416514852152239
pjwrqxbj965,0.0014158951493926685
pjxyqxbj648,0.0014158951493926685
pjxyqwbk808,0.0014142258656661044
pjxyqwbk542,0.001414169520495213
pjxyqxbk115,0.0014136325167096637
pjxyqxbl817,0.0014128503479536962
pjxyqwbj327,0.001412600328508392
pjxyqxbk503,0.0014113185659251183
pjxyqxbj932,0.0014106904930825917
pjxyqwbj775,0.0014099053630596177
pjxyqwbj394,0.0014079226275827423
pjxyqwbk607,0.0014078451389799586
pjxyqwbj634,0.0014053054488524087
pjxyqwbk787,0.0014051305535557105
pjxyqwbj242,0.001402539877615937
pjxyqwbj219,0.001398886198982768
pjxrqxbj990,0.0013955793120553376
pjxrqxbj909,0.0013949694746091484
pjxyqxbj198,0.0013948961694009586
pjxqqxbj977,0.0013931791109509635
pjxyqwbk756,0.0013909991084201155
pjxyqwbj896,0.001389491905268717
pjxuqwbj850,0.001388880793557839
pjxxxxbj957,0.0013869387549041495
pjxyqwbk764,0.001386875313879026
pjxxxxbj915,0.001385691223167104
pjxxxxbj986,0.0013820208318847495
pjxxxxbj908,0.0013800398197457602
pjxyqwbj384,0.001379201391551825
pjxxxxbj912,0.0013781018350381134
pjxyqwbk781,0.001374346429722534
pjxyqwbj838,0.0013736037091989742
pjxwxxbj910,0.001373430241636698
pjxyqwbj678,0.0013724319688284432
pjxqqxbj996,0.0013719191336845618
pjxyqwbj112,0.0013714754403783896
pjxyqxbj829,0.001371112676860069
pjxwxxbj946,0.0013702429146702417
pjwrqxbj983,0.0013672169047958455
pjxyqwbj566,0.0013668575269359705
pjxuqwbj778,0.001360838684771571
pjxyqxbl745,0.0013569293765193114
pjxyqxbj089,0.0013561304002618242
pjxyqwbj698,0.0013554102275309134
pjxyqwbk716,0.0013550435764111417
pjxyqwbj311,0.001353701873076554
pjxsqxbj887,0.0013509183310492206
pjxyqwbj461,0.0013502441640755136
pjxyqxbj867,0.0013499521560681152
pjxsqxbj784,0.0013482455913560172
pjxyqxbk070,0.0013480305952711118
pjxyqwbj665,0.0013424968677042393
pjxrqxbj937,0.001337795870798326
pjxyqwbj741,0.0013369845210161257
pjxyqxbk325,0.0013345048675402786
pjxyqwbk604,0.0013325094614881354
pjxyqwbj430,0.0013323402627551603
pjxyqwbj013,0.00133026221910509
pjxyqxbk822,0.0013282324458169824
pjxsqxbj966,0.0013273794052500204
pjxyqwbj356,0.0013263419855840907
pjxyqwbk697,0.0013259273373682032
pjxsqxbj899,0.0013256697016264798
pjxyqwbk585,0.0013251974707222851
pjxsqxbj981,0.0013238213208068108
pjwrqxbj974,0.0013194331580027438
pjxyqwbk895,0.001319175426495944
pjxyqwbk673,0.0013188231774708024
pjxyqxbj658,0.0013147060712158055
pjxqqxbj959,0.0013128889440113072
pjxyqwbk834,0.0013117516305730119
pjxsqxbj880,0.0013111829432737175
pjxyqxbj889,0.0013076355361499362
pjxyqxbk795,0.0013071468817250922
pjxyqwbj395,0.0013050084683267366
pjxyqxbj765,0.0013020793753420906
pjxyqwbj728,0.0013014600072872246
pjxsqxbj912,0.0013010291123474467
pjxyqwbk603,0.0012989614498510793
pjxyqxbl952,0.0012983471601335375
pjxyqxbl780,0.0012960401601101999
pjxyqwbj530,0.0012956896986369372
pjxuqwbj892,0.0012952984965166816
pjxsqxbj851,0.0012937362493295364
pjxrqxbj973,0.001292492852004493
pjxyqwbk514,0.0012901140341528507
pjxyqxbj105,0.0012895085438028463
pjxyqwbj985,0.0012889178502775384
pjxrqxbj943,0.0012886984507785076
pjxsqxbj807,0.0012878829781791522
pjxwxxbj934,0.0012866530572730945
pjxyqxbk810,0.001286498270754385
pjxsqxbj876,0.0012856014424530938
pjxuqwbj519,0.0012848956392676875
pjxyqwbj104,0.0012846669143434135
pjxyqxbk448,0.0012845614547334176
pjwtqxbj957,0.0012839829255394098
pjxyqxbl727,0.001283544693227502
pjxsqxbj871,0.0012827112564133024
pjxyqwbk793,0.0012815726382667586
pjxyqxbk865,0.001280604240165476
pjxyqxbl704,0.0012796035011641846
pjxyqwbj388,0.0012780407993223653
pjxsqxbj982,0.0012773149397866806
pjxsqxbj976,0.0012770438688721193
pjxyqxbk791,0.0012767841115102919
pjxyqwbk910,0.0012738972552940352
pjxyqxbj288,0.0012724658951351459
pjxyqwbj403,0.001269419180649523
pjxsqxbj965,0.001269419180649523
pjxyqwbj852,0.0012683433701975236
pjxyqwbj396,0.0012677419877445313
pjwtqxbj922,0.0012663939879670836
pjxyqwbj150,0.001266082666370151
pjxsqxbj944,0.0012654726974648256
pjxxxxbj917,0.001265378910401011
pjxsqxbj801,0.0012630559432666203
pjxyqwbj455,0.0012575827605259642
pjxyqwbj739,0.001257206624537224
pjxyqwbk581,0.0012549748878975297
pjxyqxbk444,0.0012541528924593392
pjxyqwbk755,0.001254137313080101
pjxuqwbj735,0.0012526619504337252
pjxpqxbj914,0.001250879183100393
pjxyqwbj971,0.0012507738883917859
pjxyqxbk681,0.0012496731045789182
pjxyqwbj552,0.001245019375659683
pjxyqwbj865,0.001243351290152034
pjxyqwbj375,0.0012433282482062376
pjxyqxbj365,0.0012413194550388808
pjwrqxbj988,0.001238650580340527
pjxsqxbj859,0.0012384178610673493
pjxsqxbj867,0.0012382735025548831
pjxyqxbj862,0.0012376978703614915
pjxyqwbk706,0.0012376978703614915
pjxyqxbk764,0.0012371478881242125
pjxyqxbk555,0.00123676451878807
pjxsqxbj908,0.0012325745503169658
pjxxzxkj995,0.0012277571298500009
pjxyqxbk695,0.0012258993181553698
pjxyqxbj103,0.0012250691299823771
pjxyqxbj034,0.0012247802783414228
pjxwzxfj975,0.0012243529657143789
pjxpqxbj956,0.0012243297061169595
pjxsqxbj906,0.0012225792780924877
pjxyqxbk121,0.0012167105937145955
pjwrqxbj932,0.0012151209776621907
pjxyqwbk721,0.0012122521594197526
pjxyqxbk710,0.0012121785827648739
pjxyqwbj487,0.001211820260832834
pjxyqxbj750,0.0012107614454794698
pjxyqwbk788,0.0012095683413621099
pjxyqxbk513,0.0012090997169162342
pjxyqwbj309,0.001208603749099684
pjxyqwbj368,0.0012066354494343237
pjxyqwbk608,0.001204694164370314
pjxyqxbk328,0.0012039593059401943
pjxvzxbj997,0.001203196853284847
pjxyqwbk664,0.001203196853284847
pjxwzxkj993,0.001203196853284847
pjxuqwbj573,0.001199208164559547
pjxyqxbj361,0.001198886871191752
pjxyqwbj856,0.0011984722726031177
pjxyqxbj757,0.0011977968647331372
pjxyqxbk647,0.001196940742031678
pjxyqwbj709,0.0011935601505090715
pjxuqwbj879,0.0011921409550673845
pjxyqwbj524,0.0011918469192347008
pjxyqxbk665,0.0011915408127618288
pjxqzxbj985,0.001190965619326465
pjxsqxbj829,0.0011906981539218531
pjxuqwbj731,0.0011891975559767747
pjxyqwbj993,0.0011889951168756428
pjxsqxbj882,0.001187976108013226
pjxqqxbj979,0.0011879651735997167
pjxuqwbj661,0.001187840010745518
pjxvztfj994,0.0011838894542795357
pjxyqxbj120,0.0011823276146772335
pjxyqxbj285,0.0011808153069660116
pjxwzxfj992,0.0011790715547564138
pjxyqxbj657,0.0011787693378527014
pjxyqwbj006,0.0011787693378527014
pjwtqxbj985,0.0011773593728710526
pjxyqxbk543,0.0011769208250501139
pjwtqxbj974,0.0011767170166216325
pjxwxxbj915,0.0011759513900497856
pjxxxxbj958,0.0011748983484693271
pjxyqwbk544,0.0011732101799760458
pjxyqwbj020,0.0011731649108151557
pjxyqxbj896,0.0011695614282158215
pjxyqxbj589,0.0011691879363503294
pjxyqwbj407,0.0011680197788241059
pjxyqxbk827,0.0011675318746057145
pjxyqwbj216,0.0011662385246719905
pjxyqxbl927,0.0011654096412692704
pjxyqwbk749,0.0011647333546877996
pjxyqwbj602,0.0011627717085428667
pjxyqwbj885,0.0011627635500078973
pjxyqxbk836,0.0011621151750375053
pjxyqxbj676,0.0011590553414718295
pjxsqxbj874,0.0011574387499497035
pjxyqxbk452,0.0011574387499497035
pjxyqwbj554,0.0011574306287898367
pjxyqwbj945,0.0011550517130048438
pjxyqxbk662,0.001154881714152766
pjxyqxbk706,0.001151832611649624
pjxyqwbj917,0.0011517399948374647
pjxyqwbj941,0.0011506176824803295
pjxyqxbj312,0.0011505735303949697
pjxyqxbj835,0.0011497924620573249
pjxyqwbj977,0.001148840771240486
pjxxxxbj955,0.0011477931108276448
pjwtqxbj983,0.0011470087043098185
pjxyqxbj160,0.001139457721190356
pjxyqwbj069,0.001137886509934368
pjxyqxbj653,0.0011365669686020509
pjxyqxbj491,0.0011327390940660893
pjxsqxbj816,0.0011326123199406593
pjxyqwbj331,0.0011316114446220265
pjxyqwbj732,0.0011309849659652605
pjxyqwbj923,0.0011303569059003258
pjxsqxbj934,0.0011303569059003258
pjxvzxbj996,0.0011296042346263743
pjxyqwbj305,0.0011255770997574024
pjxwzxfj991,0.0011248851869614998
pjxyqxbk907,0.0011189936197443318
pjxyqxbk474,0.0011151324008446832
pjxyqxbj418,0.0011135480946250964
pjxyqxbk533,0.0011048397187301759
pjxqqxbj983,0.0011046935735424693
pjxyqwbj989,0.0011038293570377127
pjxrqxbj916,0.0011034012842430574
pjwtqxbj953,0.0011030921683879214
pjxsqxbj946,0.0011027863260404602
pjxxztfj988,0.0011000150783158664
pjxtzxfj982,0.0011000150783158664
pjxyqxbj866,0.0010956301692163937
pjxuqwbj761,0.001093577129718039
pjxyqxbj243,0.0010925163430179974
pjxwxxbj970,0.0010907006852145698
pjxsqxbj909,0.0010902821223059563
pjxpqxbj979,0.0010884983166932465
pjxyqxbj952,0.0010869972043271018
pjxyqxbk022,0.0010865266163303875
pjxyqwbj169,0.0010820645729116406
pjxyqxbk105,0.0010778758638973183
pjxsqxbj905,0.001075894833308524
pjxtzxfj981,0.0010748234373671702
pjxyqxbj152,0.0010741544484120923
pjxuqwbj915,0.0010673037156797064
pjxrqxbj951,0.0010617933282017222
pjxyqxbj662,0.0010595650810782075
pjxvzxfj988,0.0010571964077635285
pjxvzxfj982,0.0010571964077635285
pjxxztfj975,0.0010571964077635285
pjxuzsfj995,0.0010571964077635285
pjxvztfj977,0.0010571964077635285
pjxvzrfj975,0.0010571964077635285
pjxxztfj986,0.0010571964077635285
pjxyqxbk100,0.0010571964077635285
pjxwzxfj984,0.0010571964077635285
pjxvzrfj997,0.0010571964077635285
pjxuzsfj980,0.0010571964077635285
pjxuzsfj978,0.0010571964077635285
pjxwzxfj994,0.0010571964077635285
pjxxztfj991,0.0010571964077635285
pjxyqxbj117,0.001049664062437059
pjxsqxbj932,0.0010488397517690571
pjxyqwbk710,0.0010448479915949659
pjxyqxbj580,0.0010440130598839052
pjxsqxbj849,0.0010435401726709762
pjxyqwbk871,0.0010414380235173836
pjxyqwbj515,0.0010412007797829346
pjxyqxbk516,0.0010401344144829452
pjxuqwbj812,0.0010389906931102745
pjxyqxbj040,0.0010387922278243633
pjxyqwbj531,0.0010386614387841672
pjwtqxbj987,0.001036397718673536
pjxyqwbj001,0.0010342977541435137
pjxyqxbj646,0.001025199975417823
pjxyqxbj914,0.001025199975417823
pjxyqwbj748,0.0010242449695542586
pjxyqwbj796,0.0010224079446428016
pjxsqxbj768,0.001022342230226881
pjwtqxbj931,0.0010220303574754663
pjxpqxbj927,0.0010203424199466378
pjxsqxbj873,0.0010193130724852754
pjxuqwbj783,0.0010122948436600658
pjxyqwbj833,0.0010043117477666463
pjxyqxbk481,0.0010036002632053454
pjxyqxbj919,0.0010034933329666304
pjxyqwbj950,0.0010034789600643426
pjxyqxbk336,0.001002488634791662
pjxsqxbj824,0.001001624111774114
pjxyqxbk549,0.0009923426156940647
pjxyqwbk754,0.000992052410732689
pjxxxxbj932,0.0009907757583300608
pjxyqxbj058,0.0009884759273142028
pjxyqxbj282,0.0009867206081737411
pjxyqwbj431,0.0009860323267770438
pjxyqxbk246,0.0009859354586599046
pjxyqwbk647,0.0009856562705079393
pjxyqxbj238,0.000983950433213311
pjxyqwbj062,0.0009764784142987955
pjxyqwbj733,0.000976042555311836
pjxsqxbj765,0.000972868928409892
pjxsqxbj778,0.0009711989522774394
pjxyqxbl752,0.0009705622741539675
pjxyqwbj130,0.0009700865199350348
pjxyqwbk943,0.0009695294832042479
pjxyqwbj622,0.0009678830193016537
pjxyqxbk224,0.0009675676215506375
pjxrqxbj955,0.000966154296690672
pjxsqxbj957,0.0009661100159495819
pjxsqxbj788,0.0009660621094977211
pjxsqxbj954,0.000959197804003571
pjwtqxbj959,0.0009536290803071792
pjxsqxbj888,0.0009525047012696168
pjxyqwbj034,0.0009423947354507118
pjxyqxbj512,0.0009413184292937617
pjxuqwbj947,0.0009398229134578717
pjxrqxbj958,0.0009341552988865174
pjxyqwbj245,0.0009205850401504181
pjxyqwbj640,0.0009194506790031444
pjxyqxbk974,0.00091368574115743
pjxuqwbj574,0.0009114663923469353
pjxyqwbk779,0.0009097231303786784
pjxyqxbj571,0.0009093859667470005
pjxyqwbk775,0.000906344139965534
pjxxzxkj987,0.0009028492561359161
pjxyqxbj544,0.0008908950194847022
pjwtqxbj979,0.0008905319650553355
pjxpqxbj946,0.0008831266208105132
pjxyqwbk594,0.0008817795760243926
pjxyqxbl736,0.0008817676283331049
pjxyqwbk935,0.0008780005568026657
pjxuqwbj610,0.0008764572274418952
pjxyqxbk684,0.0008708815878897095
pjxyqxbk578,0.0008707097100161709
pjxxzxkj990,0.0008673308604549316
pjxyqwbk642,0.0008532879248764366
pjxyqxbl876,0.0008527478908547363
pjxyqxbj392,0.0008512148301498293
pjxyqxbk411,0.0008482793313354166
pjxyqxbk505,0.000843523883949279
pjxsqxbj962,0.0008400582780081077
pjxyqwbk534,0.0008326147257397205
pjxyqwbj807,0.0008319713731643868
pjxyqxbj915,0.0008178444495701597
pjxuqwbj751,0.0007873613530224623
pjxyqxbj770,0.0007798504215211996
pjxyqwbj197,0.0007794500823673858
pjxvzxfj980,0.0007711480927603509
pjxyqxbj391,0.0007684300961365752
pjxyqxbj846,0.000739024917066881
pjxvzxfj987,0.0007368174020033019
pjxtzxfj980,0.0007173322557157178
pjxuqwbj833,0.0006929240428693607
pjxuqwbj642,0.0006722962319112842
pjxyqxbj155,0.0006555824115320623
pjxyqxbk799,0.0006539742453933038
pjxxztfj997,0.0006443597120570307
